catalina_id,hidden_id,RA,Dec,V,Period,Amplitude,folded_image,original_image,Var_Type,_training,_validation,_abc
696,1126002002637,00:12:42.48,+25:28:31.6,14.73,106.04708,0.51,curve_696_folded.png,curve_696_original.png,CEP,false,true,false
606,1112002045625,00:14:29.63,+13:31:07.8,11.9,9.8937300,0.41,curve_606_folded.png,curve_606_original.png,CEP,false,true,false
409,1009002045116,00:15:31.75,-08:46:34.4,17.57,0.241022,0.46,curve_409_folded.png,curve_409_original.png,EB,false,true,false
64,1109002022205,00:15:53.20,+09:36:32.1,17.59,11.460636,0.54,curve_64_folded.png,curve_64_original.png,CEP,false,true,false
499,1018002041429,00:16:16.00,-17:36:12.4,13.87,215.564,1.17,curve_499_folded.png,curve_499_original.png,LPV,false,true,false
410,1143002023753,00:28:55.34,+43:02:00.9,13.37,1.17812,0.38,curve_410_folded.png,curve_410_original.png,CEP,false,true,false
69,1112004003210,00:41:00.85,+11:25:45.7,15.99,2.31428,0.56,curve_69_folded.png,curve_69_original.png,CEP,false,true,false
543,1140003050411,00:42:21.35,+40:52:49.1,18.86,47.136892,1.07,curve_543_folded.png,curve_543_original.png,CEP,false,true,true
39,1126004036319,00:47:52.09,+26:49:01.7,14.99,3.50683,0.52,curve_39_folded.png,curve_39_original.png,CEP,false,true,false
444,1138007044145,01:28:32.54,+38:09:04.4,13.62,0.382624,0.25,curve_444_folded.png,curve_444_original.png,EB,false,true,false
628,1132007016744,01:30:51.77,+31:38:51.3,12.47,207.555,0.43,curve_628_folded.png,curve_628_original.png,LPV,false,true,false
727,1129008067529,01:33:00.19,+30:46:45.8,18.84,26.2660,0.86,curve_727_folded.png,curve_727_original.png,CEP,false,true,false
467,1129008057773,01:33:07.62,+30:28:48.5,19.72,20.367195,0.99,curve_467_folded.png,curve_467_original.png,CEP,false,true,false
291,1129008068113,01:33:25.87,+30:48:34.8,18.85,41.862000,0.8,curve_291_folded.png,curve_291_original.png,CEP,true,false,false
123,1015009009068,01:41:23.61,-16:23:05.9,14.26,2.0851361,0.41,curve_123_folded.png,curve_123_original.png,CEP,false,true,false
99,1115010001977,01:49:35.94,+14:11:32.5,16.43,2.2532754,0.88,curve_99_folded.png,curve_99_original.png,CEP,false,true,false
289,1001010024734,01:51:36.03,-01:36:46.0,13.95,142.38970,0.56,curve_289_folded.png,curve_289_original.png,CEP,false,true,false
740,1123010001224,01:53:01.55,+22:36:38.4,16.08,0.259414,0.46,curve_740_folded.png,curve_740_original.png,EB,false,true,false
356,1109012022385,02:13:39.86,+09:35:51.0,17.9,1.1346487,0.39,curve_356_folded.png,curve_356_original.png,CEP,false,true,false
437,1104013039791,02:16:23.21,+04:48:31.5,14.85,1.3895624,0.77,curve_437_folded.png,curve_437_original.png,CEP,false,true,false
300,1118012016673,02:16:43.65,+17:45:00.1,16.05,0.9441747,0.55,curve_300_folded.png,curve_300_original.png,CEP,false,true,false
217,1001013030359,02:22:39.42,-01:25:04.9,16.69,1.2930,0.71,curve_217_folded.png,curve_217_original.png,CEP,false,true,false
454,1112013030621,02:23:57.37,+12:49:42.0,13.47,183.150,0.62,curve_454_folded.png,curve_454_original.png,CEP,true,false,false
487,1138011011817,02:28:07.52,+37:03:10.8,15.79,0.284098,0.22,curve_487_folded.png,curve_487_original.png,EB,false,true,true
273,1140011073400,02:31:08.25,+41:31:32.6,16.93,884.76908,0.81,curve_273_folded.png,curve_273_original.png,LPV,false,true,true
774,1135012014430,02:31:45.31,+34:20:52.6,13.75,0.472698,0.57,curve_774_folded.png,curve_774_original.png,EB,false,true,true
203,1132012067186,02:36:34.19,+33:27:45.0,16.53,0.315686,0.28,curve_203_folded.png,curve_203_original.png,EB,false,true,false
181,1129013047887,02:38:58.03,+30:07:13.2,14.52,0.327763,0.4,curve_181_folded.png,curve_181_original.png,EB,false,true,false
379,1135013039511,02:45:05.79,+35:06:36.1,16.56,3.7723701,0.85,curve_379_folded.png,curve_379_original.png,CEP,false,true,false
583,1007016041988,02:58:10.39,-06:11:50.3,12.9,64.560658,0.95,curve_583_folded.png,curve_583_original.png,CEP,false,true,false
659,1101017018037,03:03:13.04,+00:54:19.8,14.48,224.05605,2.24,curve_659_folded.png,curve_659_original.png,LPV,false,true,true
303,1126015036695,03:04:04.34,+26:51:22.7,14.37,0.8329231,0.3,curve_303_folded.png,curve_303_original.png,EB,false,true,false
22,1132015000747,03:07:18.52,+31:02:46.3,15.26,12.975054,0.48,curve_22_folded.png,curve_22_original.png,CEP,false,true,false
754,1118017018931,03:13:28.85,+17:45:57.8,13.63,0.97383,0.48,curve_754_folded.png,curve_754_original.png,EB,false,true,true
555,1121018033468,03:24:04.31,+21:13:44.8,15.9,14.6716,0.63,curve_555_folded.png,curve_555_original.png,CEP,false,true,false
357,1138015029725,03:27:27.57,+37:30:39.6,14.17,8.22801,0.44,curve_357_folded.png,curve_357_original.png,CEP,false,true,false
506,1135017006892,03:38:00.74,+34:01:12.6,12.86,330.688,2.11,curve_506_folded.png,curve_506_original.png,LPV,false,true,false
338,1115019027998,03:39:47.83,+15:29:06.0,17.85,2.2249262,0.48,curve_338_folded.png,curve_338_original.png,CEP,false,true,false
505,1132018036018,03:43:47.93,+32:17:56.6,15.5,9.68073,0.26,curve_505_folded.png,curve_505_original.png,CEP,false,true,false
744,1138017057104,03:44:07.03,+38:10:52.0,16.56,7.0517029,0.35,curve_744_folded.png,curve_744_original.png,CEP,true,false,false
642,1007021001745,03:50:46.04,-08:24:26.1,14.01,0.7707295,0.42,curve_642_folded.png,curve_642_original.png,EB,false,true,false
511,1109021017250,03:52:59.66,+09:17:17.0,12.13,24.6027,0.4,curve_511_folded.png,curve_511_original.png,CEP,false,true,false
206,1126019005772,03:53:00.93,+25:33:05.9,15.68,225.34205,0.32,curve_206_folded.png,curve_206_original.png,LPV,true,false,false
759,1121021021546,04:05:32.71,+20:33:30.2,18.56,0.22881,0.6,curve_759_folded.png,curve_759_original.png,EB,false,true,false
88,1135019084318,04:05:54.03,+35:48:34.2,17.17,10.2611,0.45,curve_88_folded.png,curve_88_original.png,CEP,false,true,false
419,1138019078104,04:14:34.52,+38:43:16.3,12.74,273.0,1.81,curve_419_folded.png,curve_419_original.png,LPV,false,true,true
523,1118023009395,04:20:01.78,+17:16:45.9,16.28,16.6353,1.05,curve_523_folded.png,curve_523_original.png,CEP,false,true,false
636,1001025012975,04:35:43.59,-02:16:50.6,17.43,0.261898,0.23,curve_636_folded.png,curve_636_original.png,EB,true,false,false
553,1007025037059,04:42:38.52,-06:48:13.8,14.99,18.164585,0.27,curve_553_folded.png,curve_553_original.png,CEP,false,true,false
382,1115026006401,04:56:18.03,+14:17:30.7,15.79,0.608615,0.5,curve_382_folded.png,curve_382_original.png,EB,false,true,false
544,1121025071742,04:56:26.89,+21:39:50.0,17.03,0.303756,0.26,curve_544_folded.png,curve_544_original.png,EB,false,true,false
592,1112027051326,04:57:22.49,+12:43:50.3,19.22,8.8098741,0.65,curve_592_folded.png,curve_592_original.png,CEP,false,true,false
108,1123025070785,04:57:47.08,+23:30:26.1,15.94,9.21506,0.64,curve_108_folded.png,curve_108_original.png,CEP,false,true,false
772,1109027064053,04:59:54.99,+10:17:18.4,14.13,6.4408,0.44,curve_772_folded.png,curve_772_original.png,CEP,false,true,true
743,1115026014838,05:00:49.21,+14:33:03.3,16.8,0.293056,0.61,curve_743_folded.png,curve_743_original.png,EB,false,true,false
34,1115026031551,05:01:29.20,+15:01:26.2,13.23,8.94438,0.16,curve_34_folded.png,curve_34_original.png,CEP,false,true,false
489,1104028061302,05:11:05.75,+04:34:05.5,15.4,0.287294,0.1,curve_489_folded.png,curve_489_original.png,EB,false,true,false
697,1123026081677,05:11:22.73,+24:30:19.9,16.58,0.419694,0.6,curve_697_folded.png,curve_697_original.png,EB,false,true,false
495,1107028091114,05:12:24.71,+08:08:16.8,14.74,0.248498,0.08,curve_495_folded.png,curve_495_original.png,EB,false,true,false
613,1115027091459,05:13:17.31,+16:32:13.3,17.15,0.357151,0.32,curve_613_folded.png,curve_613_original.png,EB,false,true,false
116,1015028030769,05:15:21.48,-15:41:03.9,16.72,0.308362,0.28,curve_116_folded.png,curve_116_original.png,EB,true,false,false
733,1101029015919,05:16:35.87,+00:25:00.5,11.77,118.694,1.39,curve_733_folded.png,curve_733_original.png,LPV,false,true,false
469,1104029027254,05:17:00.79,+03:31:18.0,12.35,292.74,1.41,curve_469_folded.png,curve_469_original.png,LPV,true,false,false
609,1115028059992,05:17:21.57,+15:34:44.1,15.56,0.89541,0.48,curve_609_folded.png,curve_609_original.png,CEP,false,true,true
202,1004029041798,05:21:07.69,-04:13:41.8,14.38,1.66832,0.13,curve_202_folded.png,curve_202_original.png,EB,false,true,false
355,1109029006269,05:22:15.91,+08:37:39.8,14.32,406.875,1.88,curve_355_folded.png,curve_355_original.png,LPV,false,true,true
525,1001030045132,05:29:09.72,-01:25:07.7,14.95,0.356704,0.25,curve_525_folded.png,curve_525_original.png,EB,false,true,false
456,1012030054448,05:31:34.50,-12:14:49.6,17.11,0.418924,0.23,curve_456_folded.png,curve_456_original.png,EB,true,false,false
80,1104030026400,05:33:13.93,+03:28:42.2,16.55,0.500549,0.53,curve_80_folded.png,curve_80_original.png,EB,false,true,false
4,1012030031789,05:36:56.68,-13:04:41.2,11.61,243.25,1.34,curve_4_folded.png,curve_4_original.png,LPV,true,false,false
559,1009030015602,05:37:25.39,-10:45:54.2,16.36,1.0452794,0.42,curve_559_folded.png,curve_559_original.png,CEP,false,true,false
269,1009032074160,05:55:16.43,-08:53:44.2,16.07,0.299736,0.52,curve_269_folded.png,curve_269_original.png,EB,false,true,false
579,1007032004259,05:55:45.90,-08:22:47.8,14.41,132.608,0.58,curve_579_folded.png,curve_579_original.png,CEP,false,true,false
166,1007033073591,06:08:33.69,-06:29:50.1,16.88,7.8549799,0.53,curve_166_folded.png,curve_166_original.png,CEP,false,true,false
247,1155022043673,06:47:13.89,+54:53:32.6,12.15,253.936,2.04,curve_247_folded.png,curve_247_original.png,LPV,false,true,false
328,1138032027576,07:26:25.95,+37:27:28.9,11.88,3.22837,0.55,curve_328_folded.png,curve_328_original.png,CEP,false,true,false
589,1132035011340,07:26:54.44,+31:23:17.6,16.83,93.7295,0.54,curve_589_folded.png,curve_589_original.png,CEP,false,true,false
531,1121039094522,07:41:13.72,+22:30:31.1,16.78,3.9863292,0.77,curve_531_folded.png,curve_531_original.png,CEP,false,true,false
286,1126038065052,07:51:54.60,+27:33:40.9,17.94,16.2488,0.68,curve_286_folded.png,curve_286_original.png,CEP,false,true,false
45,1126039060317,07:51:54.74,+27:33:40.0,17.91,16.2488,0.79,curve_45_folded.png,curve_45_original.png,CEP,false,true,true
222,1135035033590,07:55:26.09,+34:59:06.7,12.67,198.492,0.39,curve_222_folded.png,curve_222_original.png,LPV,false,true,false
336,1140034001926,08:00:51.13,+39:33:18.2,16.86,1.88394,0.7,curve_336_folded.png,curve_336_original.png,CEP,false,true,false
541,1115042023816,08:06:50.97,+14:51:45.7,14.94,44.7798,0.32,curve_541_folded.png,curve_541_original.png,CEP,true,false,false
341,1107044003116,08:10:40.25,+05:43:47.2,17.64,0.270849,0.56,curve_341_folded.png,curve_341_original.png,EB,false,true,false
801,1104044043755,08:11:05.32,+04:01:38.2,13.85,358.13365,15.4,curve_801_folded.png,curve_801_original.png,LPV,false,true,true
585,1123041023720,08:17:55.91,+23:27:14.6,13.25,14.9396,0.84,curve_585_folded.png,curve_585_original.png,CEP,false,true,false
285,1001045048461,08:19:54.34,-01:27:13.7,13.59,33.8249,0.43,curve_285_folded.png,curve_285_original.png,CEP,false,true,false
422,1101046008250,08:28:41.53,+00:15:19.2,14.64,0.30511,0.53,curve_422_folded.png,curve_422_original.png,EB,false,true,false
478,1140036011007,08:37:37.19,+39:58:03.1,12.49,231.054,1.38,curve_478_folded.png,curve_478_original.png,LPV,false,true,false
66,1012047085209,08:45:49.97,-11:37:54.5,14.22,2.75828,0.47,curve_66_folded.png,curve_66_original.png,EB,false,true,false
765,1112047006431,08:54:19.66,+11:32:44.7,16.15,0.413644,0.14,curve_765_folded.png,curve_765_original.png,EB,true,false,false
621,1107049032121,09:04:36.00,+06:59:01.4,13.62,30.7404,0.34,curve_621_folded.png,curve_621_original.png,CEP,false,true,false
383,1009049026743,09:04:52.57,-10:14:23.3,14.86,399.202,0.56,curve_383_folded.png,curve_383_original.png,LPV,false,true,true
180,1009049034491,09:07:35.48,-09:55:33.3,15.38,0.303146,0.18,curve_180_folded.png,curve_180_original.png,EB,false,true,true
8,1018048061134,09:21:15.09,-17:59:13.7,15.75,0.31759,0.43,curve_8_folded.png,curve_8_original.png,EB,false,true,false
752,1115049002791,09:27:00.89,+14:12:10.8,13.39,1.32125,0.74,curve_752_folded.png,curve_752_original.png,CEP,false,true,true
618,1101051031199,09:30:31.43,+01:20:13.1,16.75,1.8042660,0.16,curve_618_folded.png,curve_618_original.png,EB,true,false,false
701,1109052002095,09:43:02.64,+08:33:14.2,16.35,1.1467889,0.87,curve_701_folded.png,curve_701_original.png,CEP,false,true,false
705,1007052036050,09:43:52.63,-06:53:57.6,14.53,0.486865,0.36,curve_705_folded.png,curve_705_original.png,EB,false,true,true
337,1112052019112,09:45:31.43,+12:14:42.1,16.39,2.0638368,0.41,curve_337_folded.png,curve_337_original.png,CEP,false,true,false
793,1112052039241,09:47:57.41,+13:16:43.8,14.51,651.99575,2.04,curve_793_folded.png,curve_793_original.png,LPV,false,true,false
766,1160028027443,09:49:40.61,+60:30:15.4,15.46,0.272982,0.26,curve_766_folded.png,curve_766_original.png,EB,false,true,false
720,1001053033187,09:49:47.44,-01:17:43.8,16.47,0.247982,0.12,curve_720_folded.png,curve_720_original.png,EB,false,true,false
359,1123049019248,09:56:06.73,+23:30:37.6,16.22,2.2097885,0.49,curve_359_folded.png,curve_359_original.png,CEP,false,true,false
347,1143040024197,10:04:38.89,+43:37:30.4,14.89,58.4078,0.26,curve_347_folded.png,curve_347_original.png,CEP,false,true,true
483,1007054036210,10:08:06.27,-06:48:14.3,14.86,148.94680,1.13,curve_483_folded.png,curve_483_original.png,LPV,false,true,false
103,1001055005301,10:10:01.54,-02:37:43.7,12.15,190.23303,0.83,curve_103_folded.png,curve_103_original.png,LPV,false,true,false
728,1129049017642,10:15:36.39,+29:04:30.9,17.8,5.66514,0.63,curve_728_folded.png,curve_728_original.png,CEP,true,false,false
671,1101055057397,10:16:15.13,+02:32:29.0,15.82,188.55902,0.55,curve_671_folded.png,curve_671_original.png,CEP,false,true,false
384,1012057002021,10:48:19.45,-14:02:40.3,15.95,0.264854,0.3,curve_384_folded.png,curve_384_original.png,EB,false,true,false
56,1101060028918,11:12:16.74,+01:19:05.2,11.52,0.311586,0.55,curve_56_folded.png,curve_56_original.png,EB,false,true,false
120,1115059027923,11:23:14.52,+15:24:01.3,16.52,0.249386,0.53,curve_120_folded.png,curve_120_original.png,EB,false,true,true
484,1004061024897,11:25:35.20,-04:18:57.2,16.43,2.22295,0.62,curve_484_folded.png,curve_484_original.png,CEP,false,true,false
346,1012061016032,11:27:34.18,-13:22:41.8,16.06,11.5656,0.2,curve_346_folded.png,curve_346_original.png,CEP,true,false,false
637,1009062015070,11:33:24.55,-10:36:58.9,12.59,455.789,1.62,curve_637_folded.png,curve_637_original.png,LPV,false,true,true
288,1112061009351,11:34:35.29,+11:42:20.5,13.4,142.328,0.97,curve_288_folded.png,curve_288_original.png,LPV,false,true,true
501,1104063030712,11:39:05.88,+04:19:40.7,16.5,33.8235,0.33,curve_501_folded.png,curve_501_original.png,CEP,true,false,false
394,1143047005482,11:42:25.83,+42:35:12.9,15.51,4.39124,1.03,curve_394_folded.png,curve_394_original.png,CEP,false,true,false
252,1012062052738,11:42:57.86,-11:42:59.1,14.37,1.78973,0.2,curve_252_folded.png,curve_252_original.png,CEP,false,true,false
645,1109065034047,12:11:41.82,+10:04:54.3,13.05,150.78133,0.78,curve_645_folded.png,curve_645_original.png,LPV,false,true,false
270,1109066027916,12:21:48.71,+09:42:03.2,13.13,0.336932,0.64,curve_270_folded.png,curve_270_original.png,EB,false,true,false
343,1107068007192,12:40:51.27,+05:58:12.7,14.4,3.5278,0.35,curve_343_folded.png,curve_343_original.png,CEP,false,true,false
582,1109068029492,12:50:32.65,+09:52:38.7,15.18,10.329774,0.22,curve_582_folded.png,curve_582_original.png,CEP,false,true,false
254,1118067045825,13:02:23.57,+19:02:03.4,16.62,0.276588,0.73,curve_254_folded.png,curve_254_original.png,EB,false,true,false
590,1004071039628,13:10:40.09,-03:48:39.1,16.13,0.31165,0.57,curve_590_folded.png,curve_590_original.png,EB,false,true,true
706,1004071020092,13:15:25.13,-04:42:34.2,16.21,0.29259,0.33,curve_706_folded.png,curve_706_original.png,EB,false,true,false
260,1012070008462,13:15:49.61,-13:42:45.2,15.35,22.3449,0.48,curve_260_folded.png,curve_260_original.png,CEP,false,true,false
575,1004071011977,13:17:14.24,-05:04:57.7,13.13,14.467476,0.97,curve_575_folded.png,curve_575_original.png,CEP,false,true,false
388,1012070038928,13:17:34.33,-12:16:12.3,16.91,0.308824,0.42,curve_388_folded.png,curve_388_original.png,EB,false,true,false
48,1001072040259,13:21:56.03,-01:07:43.0,14.22,32.0920,0.49,curve_48_folded.png,curve_48_original.png,CEP,false,true,true
522,1007071016858,13:23:12.10,-07:39:09.1,14.19,10.731006,0.81,curve_522_folded.png,curve_522_original.png,CEP,false,true,false
714,1007073005640,13:41:47.35,-08:13:47.1,15.96,149.41,0.44,curve_714_folded.png,curve_714_original.png,LPV,false,true,false
602,1101074027980,13:43:45.73,+01:07:47.6,15.77,23.980808,0.34,curve_602_folded.png,curve_602_original.png,CEP,false,true,false
497,1101075017440,13:53:01.40,+00:47:14.9,15.73,233.79244,0.75,curve_497_folded.png,curve_497_original.png,LPV,false,true,false
551,1132064016936,13:53:12.83,+31:52:12.0,17.04,0.32696,0.31,curve_551_folded.png,curve_551_original.png,EB,false,true,false
169,1001075027132,13:56:02.34,-01:36:26.1,15.39,212.39082,0.58,curve_169_folded.png,curve_169_original.png,LPV,false,true,true
16,1012075016363,14:15:47.02,-13:24:59.0,14.15,170.89913,0.55,curve_16_folded.png,curve_16_original.png,CEP,false,true,true
491,1004077045140,14:19:57.56,-03:50:08.4,16.48,13.85,1.15,curve_491_folded.png,curve_491_original.png,CEP,false,true,true
305,1018075022931,14:26:40.92,-18:54:48.2,17.0,0.27535,0.42,curve_305_folded.png,curve_305_original.png,EB,false,true,false
371,1009077051706,14:30:40.50,-09:05:08.5,14.31,8.45123,0.33,curve_371_folded.png,curve_371_original.png,CEP,false,true,false
436,1004078048302,14:31:05.42,-03:34:51.1,15.59,130.27130,0.67,curve_436_folded.png,curve_436_original.png,LPV,false,true,false
323,1007078062497,14:42:00.61,-05:49:57.9,11.72,154.847,1.12,curve_323_folded.png,curve_323_original.png,LPV,false,true,false
121,1123074062132,14:51:17.63,+25:12:14.0,13.39,0.311315,0.29,curve_121_folded.png,curve_121_original.png,EB,true,false,false
157,1104080032050,14:52:50.95,+04:05:34.8,15.32,20.046865,0.15,curve_157_folded.png,curve_157_original.png,CEP,false,true,true
605,1135066006476,14:55:44.65,+34:06:16.0,13.11,116.645,0.67,curve_605_folded.png,curve_605_original.png,LPV,true,false,false
318,1104080062752,14:57:26.95,+05:16:03.3,17.78,220.897,1.58,curve_318_folded.png,curve_318_original.png,LPV,false,true,false
393,1149055056410,15:10:04.17,+50:23:05.5,13.97,117.966,1.05,curve_393_folded.png,curve_393_original.png,CEP,false,true,true
214,1015079032004,15:10:08.54,-15:52:24.8,17.36,1.7070289,0.59,curve_214_folded.png,curve_214_original.png,CEP,false,true,false
490,1007081047599,15:13:51.02,-06:48:38.4,15.79,149.365,0.47,curve_490_folded.png,curve_490_original.png,LPV,false,true,false
761,1015079060794,15:15:14.57,-14:54:04.3,14.34,4.3680244,0.39,curve_761_folded.png,curve_761_original.png,CEP,false,true,false
280,1115080022163,15:18:40.29,+14:59:03.0,12.18,275.26159,0.54,curve_280_folded.png,curve_280_original.png,LPV,true,false,false
514,1009082012462,15:25:17.58,-10:52:30.2,14.06,0.335134,0.28,curve_514_folded.png,curve_514_original.png,EB,false,true,true
302,1126075044230,15:28:10.84,+27:18:02.1,16.99,1.1260715,0.47,curve_302_folded.png,curve_302_original.png,CEP,true,false,false
821,1012082060461,15:29:02.53,-12:15:37.7,15.47,186.31052,0.47,curve_821_folded.png,curve_821_original.png,LPV,false,true,true
802,1015081020819,15:30:48.01,-16:19:22.5,16.11,3.0969402,0.7,curve_802_folded.png,curve_802_original.png,CEP,false,true,false
653,1104084057629,15:37:28.03,+04:53:07.9,15.33,12.392197,0.22,curve_653_folded.png,curve_653_original.png,CEP,false,true,false
439,1009085096103,15:55:10.99,-08:31:31.4,15.61,56.850100,1.13,curve_439_folded.png,curve_439_original.png,CEP,false,true,false
587,1109085017439,15:56:29.73,+09:01:49.1,11.71,282.1918,2.04,curve_587_folded.png,curve_587_original.png,LPV,false,true,false
266,1015083103358,16:00:15.87,-14:21:43.0,11.51,224.33172,0.62,curve_266_folded.png,curve_266_original.png,LPV,false,true,false
800,1012085053031,16:01:42.63,-12:49:44.9,16.91,193.648,0.68,curve_800_folded.png,curve_800_original.png,LPV,false,true,true
420,1132075025457,16:09:48.65,+31:58:58.5,14.82,2.6649887,0.48,curve_420_folded.png,curve_420_original.png,CEP,false,true,false
233,1015084004665,16:11:14.87,-16:51:39.5,12.48,13.225691,0.63,curve_233_folded.png,curve_233_original.png,CEP,false,true,false
358,1104087010336,16:14:13.69,+03:06:04.6,12.77,1.08175,0.23,curve_358_folded.png,curve_358_original.png,CEP,false,true,false
425,1101087093412,16:16:07.95,+02:45:33.4,16.36,0.280148,0.68,curve_425_folded.png,curve_425_original.png,EB,false,true,false
63,1001087066216,16:17:28.15,-00:53:51.5,16.17,103.52960,0.48,curve_63_folded.png,curve_63_original.png,CEP,false,true,true
57,1015085048205,16:18:46.14,-15:56:18.3,13.63,36.975736,0.46,curve_57_folded.png,curve_57_original.png,CEP,false,true,false
722,1109087045203,16:19:06.04,+09:47:48.5,15.47,0.407965,0.19,curve_722_folded.png,curve_722_original.png,EB,false,true,true
171,1138071060852,16:21:51.47,+38:54:34.7,16.54,1.04986,0.28,curve_171_folded.png,curve_171_original.png,CEP,false,true,false
459,1140068036789,16:25:16.31,+40:53:49.3,13.38,15.511709,0.71,curve_459_folded.png,curve_459_original.png,CEP,false,true,true
133,1132076004326,16:29:19.80,+31:09:55.0,13.17,164.582,1.03,curve_133_folded.png,curve_133_original.png,LPV,false,true,false
479,1004089036298,16:33:53.71,-04:43:55.8,15.63,0.53613,0.61,curve_479_folded.png,curve_479_original.png,EB,false,true,false
237,1015086048064,16:34:19.34,-16:00:56.5,17.98,1.3049582,1.52,curve_237_folded.png,curve_237_original.png,CEP,false,true,true
786,1004089087701,16:36:31.68,-03:23:37.2,14.03,464.468,2.28,curve_786_folded.png,curve_786_original.png,LPV,false,true,false
789,1121084010672,16:37:33.42,+20:05:07.2,12.6,7.52819,0.28,curve_789_folded.png,curve_789_original.png,CEP,false,true,false
672,1109088006562,16:37:38.31,+08:37:22.0,13.37,157.78846,1.34,curve_672_folded.png,curve_672_original.png,LPV,false,true,false
78,1140069068431,16:38:23.93,+41:58:03.5,14.39,0.6587363,0.17,curve_78_folded.png,curve_78_original.png,EB,false,true,false
713,1104090007267,16:42:49.31,+02:56:27.5,11.84,100.46151,0.62,curve_713_folded.png,curve_713_original.png,LPV,false,true,false
693,1012089124456,16:46:31.55,-11:47:35.2,12.06,207.99223,2.38,curve_693_folded.png,curve_693_original.png,LPV,false,true,false
262,1107089000777,16:46:34.88,+05:39:01.0,17.83,0.354262,0.5,curve_262_folded.png,curve_262_original.png,EB,false,true,false
307,1118087066631,16:49:20.34,+18:51:10.1,17.64,1.7544184,0.48,curve_307_folded.png,curve_307_original.png,CEP,false,true,true
14,1001090009630,16:52:13.06,-02:36:52.3,14.77,0.322396,0.32,curve_14_folded.png,curve_14_original.png,EB,false,true,false
775,1004091010130,16:52:33.10,-05:27:30.3,15.43,277.57583,0.67,curve_775_folded.png,curve_775_original.png,LPV,false,true,false
734,1121086028361,16:52:41.25,+20:32:24.5,14.02,7.56596,0.15,curve_734_folded.png,curve_734_original.png,CEP,false,true,false
164,1009090032514,16:55:05.15,-10:41:51.4,11.55,151.90002,2.1,curve_164_folded.png,curve_164_original.png,LPV,false,true,false
532,1007090017380,16:55:47.58,-08:10:26.0,12.48,274.87924,2.12,curve_532_folded.png,curve_532_original.png,LPV,false,true,false
763,1104091018623,16:57:16.54,+03:11:56.9,14.55,4.9025182,0.48,curve_763_folded.png,curve_763_original.png,CEP,false,true,true
112,1107090004001,16:58:42.07,+05:43:07.6,16.17,0.5206849,0.13,curve_112_folded.png,curve_112_original.png,EB,false,true,true
718,1004091016829,17:03:08.63,-05:18:50.1,13.16,38.453804,0.74,curve_718_folded.png,curve_718_original.png,CEP,false,true,false
660,1123084005379,17:04:01.37,+22:42:19.0,16.39,1.1009481,0.42,curve_660_folded.png,curve_660_original.png,CEP,false,true,false
335,1135076091792,17:04:09.42,+36:40:54.3,16.48,0.312206,0.11,curve_335_folded.png,curve_335_original.png,EB,false,true,false
290,1115089014819,17:06:21.41,+14:27:35.1,12.72,284.89517,2.2,curve_290_folded.png,curve_290_original.png,LPV,false,true,true
502,1004092077692,17:10:22.04,-04:03:36.0,12.01,15.175255,1.24,curve_502_folded.png,curve_502_original.png,CEP,true,false,false
227,1001092123818,17:12:55.73,-00:14:48.8,15.86,1.9028,0.71,curve_227_folded.png,curve_227_original.png,CEP,true,false,false
447,1126084075179,17:12:58.40,+27:26:17.8,13.37,0.314895,0.29,curve_447_folded.png,curve_447_original.png,EB,false,true,true
73,1115090101867,17:17:34.15,+16:35:25.8,11.92,295.09301,1.69,curve_73_folded.png,curve_73_original.png,LPV,false,true,false
666,1115090021709,17:25:04.55,+14:37:55.7,14.28,1.8722329,0.54,curve_666_folded.png,curve_666_original.png,CEP,true,false,false
448,1152059018403,17:25:13.91,+51:26:25.5,13.96,0.336913,0.31,curve_448_folded.png,curve_448_original.png,EB,false,true,false
629,1004093010080,17:25:49.53,-05:29:59.4,12.44,177.66516,0.23,curve_629_folded.png,curve_629_original.png,LPV,false,true,true
686,1132081097904,17:29:11.94,+33:40:03.5,14.49,18.696392,0.15,curve_686_folded.png,curve_686_original.png,CEP,false,true,false
332,1115091064021,17:32:43.70,+15:27:30.3,11.52,425.62781,0.62,curve_332_folded.png,curve_332_original.png,LPV,false,true,false
610,1135078083296,17:34:19.27,+36:10:10.2,18.06,0.322682,0.76,curve_610_folded.png,curve_610_original.png,EB,true,false,false
173,1121089084321,17:38:04.80,+21:42:30.3,16.64,0.297014,0.6,curve_173_folded.png,curve_173_original.png,EB,false,true,false
747,1118091120298,17:38:41.47,+19:42:32.8,14.35,0.301936,0.25,curve_747_folded.png,curve_747_original.png,EB,false,true,false
486,1118091075623,17:39:40.45,+18:36:22.6,16.09,0.247812,0.44,curve_486_folded.png,curve_486_original.png,EB,false,true,true
764,1157054049899,17:55:37.09,+58:05:54.6,18.54,0.229202,0.64,curve_764_folded.png,curve_764_original.png,EB,false,true,true
111,1126087057621,17:56:02.78,+26:40:18.2,15.76,1.5836,0.76,curve_111_folded.png,curve_111_original.png,CEP,false,true,false
392,1146068071414,17:56:03.97,+46:42:37.7,13.76,0.855472,0.16,curve_392_folded.png,curve_392_original.png,EB,false,true,false
461,1152061016587,18:01:05.43,+51:20:37.2,15.59,0.25514,0.32,curve_461_folded.png,curve_461_original.png,EB,false,true,true
172,1140075085637,18:03:02.86,+41:49:03.3,14.48,0.757444,0.24,curve_172_folded.png,curve_172_original.png,EB,true,false,false
709,1138078089329,18:06:21.40,+38:56:32.0,14.31,44.383200,0.61,curve_709_folded.png,curve_709_original.png,CEP,false,true,false
813,1132084008582,18:09:30.72,+31:12:30.2,12.89,287.109,2.17,curve_813_folded.png,curve_813_original.png,LPV,false,true,false
340,1132084016743,18:09:54.79,+31:21:45.7,12.38,238.436,2.22,curve_340_folded.png,curve_340_original.png,LPV,false,true,false
27,1138079102508,18:14:09.20,+39:05:02.0,15.14,0.251014,0.23,curve_27_folded.png,curve_27_original.png,EB,true,false,false
689,1163047024558,18:27:41.60,+62:53:42.9,14.43,2.9293336,0.39,curve_689_folded.png,curve_689_original.png,CEP,false,true,false
572,1012107053861,20:14:55.25,-12:56:35.2,11.6,67.982873,0.8,curve_572_folded.png,curve_572_original.png,CEP,false,true,true
395,1009108084049,20:21:38.65,-09:28:20.8,18.4,4.1365941,2.17,curve_395_folded.png,curve_395_original.png,CEP,false,true,false
93,1018105035106,20:28:54.55,-18:51:42.8,13.73,64.5695,0.91,curve_93_folded.png,curve_93_original.png,CEP,false,true,true
577,1007110101732,20:37:58.07,-06:03:54.4,16.64,0.256324,0.48,curve_577_folded.png,curve_577_original.png,EB,false,true,false
517,1015107040102,20:39:46.86,-15:53:52.9,14.2,270.00936,0.86,curve_517_folded.png,curve_517_original.png,LPV,false,true,true
700,1009110055948,20:42:28.03,-09:55:02.6,15.86,34.0566,0.39,curve_700_folded.png,curve_700_original.png,CEP,false,true,false
44,1001111081332,20:46:37.57,-00:58:49.8,14.9,20.3969,0.29,curve_44_folded.png,curve_44_original.png,CEP,false,true,false
423,1107111042642,20:49:34.01,+06:35:30.2,18.49,1.9025178,0.48,curve_423_folded.png,curve_423_original.png,CEP,false,true,false
118,1104112071072,20:57:30.72,+04:29:56.8,16.24,0.300474,0.5,curve_118_folded.png,curve_118_original.png,EB,false,true,false
98,1107112036008,21:01:01.22,+06:31:18.0,16.5,0.260618,0.41,curve_98_folded.png,curve_98_original.png,EB,false,true,false
26,1104113057592,21:03:58.67,+04:17:11.7,13.25,10.2204,0.53,curve_26_folded.png,curve_26_original.png,CEP,false,true,false
634,1112112100754,21:10:21.35,+13:44:48.5,16.12,0.309386,0.24,curve_634_folded.png,curve_634_original.png,EB,false,true,false
688,1101114011855,21:14:06.01,+00:19:12.3,12.32,15.2728,0.66,curve_688_folded.png,curve_688_original.png,CEP,false,true,false
725,1001115023392,21:23:04.04,-02:02:48.0,16.98,0.27337,0.61,curve_725_folded.png,curve_725_original.png,EB,false,true,false
426,1115112096998,21:32:06.87,+16:43:25.9,18.21,0.257762,0.47,curve_426_folded.png,curve_426_original.png,EB,false,true,false
405,1109115017989,21:32:54.37,+08:59:01.1,16.35,0.4341089,0.17,curve_405_folded.png,curve_405_original.png,EB,false,true,false
191,1123107018305,21:35:06.65,+23:01:01.3,15.17,164.55111,0.62,curve_191_folded.png,curve_191_original.png,CEP,false,true,false
386,1107115036402,21:36:53.97,+06:47:48.8,16.57,0.250112,0.13,curve_386_folded.png,curve_386_original.png,EB,false,true,false
369,1112114085576,21:37:41.75,+13:38:18.9,11.81,112.20161,0.77,curve_369_folded.png,curve_369_original.png,LPV,false,true,true
308,1109115072935,21:41:36.14,+10:34:23.0,17.08,0.262108,0.39,curve_308_folded.png,curve_308_original.png,EB,false,true,false
507,1007116010622,21:47:01.38,-08:03:38.4,18.3,2.18895,0.58,curve_507_folded.png,curve_507_original.png,CEP,true,false,false
554,1121111031948,21:49:19.10,+20:37:46.7,11.68,170.16641,1.81,curve_554_folded.png,curve_554_original.png,LPV,false,true,false
90,1109117057058,22:06:20.96,+10:23:11.2,19.31,7.29938,1.0,curve_90_folded.png,curve_90_original.png,CEP,false,true,false
17,1123110052444,22:19:13.23,+24:12:05.4,17.91,2.0226628,0.8,curve_17_folded.png,curve_17_original.png,CEP,true,false,false
315,1121113076510,22:22:06.79,+22:08:48.8,12.8,203.36672,2.13,curve_315_folded.png,curve_315_original.png,LPV,false,true,false
209,1004121027009,22:31:25.10,-04:26:05.2,17.15,1.3733,0.85,curve_209_folded.png,curve_209_original.png,CEP,false,true,false
824,1007121015986,22:41:31.27,-07:40:50.8,16.09,123.42538,0.67,curve_824_folded.png,curve_824_original.png,LPV,false,true,true
717,1121115034187,22:42:58.05,+20:59:18.6,15.2,10.100843,0.29,curve_717_folded.png,curve_717_original.png,CEP,false,true,true
272,1015119047755,22:51:15.69,-14:30:28.9,14.91,108.921,7.81,curve_272_folded.png,curve_272_original.png,LPV,false,true,true
519,1123114052255,22:59:34.17,+24:34:12.4,15.73,0.277288,0.21,curve_519_folded.png,curve_519_original.png,EB,false,true,false
558,1129109032016,23:00:04.42,+29:14:21.0,12.5,184.638,0.75,curve_558_folded.png,curve_558_original.png,LPV,true,false,false
349,1132106037571,23:01:47.35,+32:13:52.0,17.56,0.30338,0.29,curve_349_folded.png,curve_349_original.png,EB,false,true,true
630,1004123019767,23:02:42.90,-04:38:40.1,12.95,107.158,0.53,curve_630_folded.png,curve_630_original.png,LPV,false,true,false
170,1126112030319,23:04:47.99,+26:29:09.8,15.64,0.387883,0.47,curve_170_folded.png,curve_170_original.png,EB,false,true,true
549,1129109034687,23:07:48.12,+29:17:55.8,11.64,292.86175,1.69,curve_549_folded.png,curve_549_original.png,LPV,true,false,false
87,1135103009342,23:10:25.67,+34:08:42.5,16.34,0.241392,0.27,curve_87_folded.png,curve_87_original.png,EB,false,true,false
137,1115121057261,23:15:28.21,+16:29:13.8,14.93,271.42953,1.25,curve_137_folded.png,curve_137_original.png,LPV,false,true,false
573,1004125047815,23:18:00.41,-03:11:32.2,13.17,23.831427,0.38,curve_573_folded.png,curve_573_original.png,CEP,false,true,false
381,1118120020026,23:23:57.70,+17:45:25.7,13.69,0.9108870,0.38,curve_381_folded.png,curve_381_original.png,CEP,false,true,false
306,1140097080687,23:25:56.12,+41:43:06.8,14.75,506.61862,1.16,curve_306_folded.png,curve_306_original.png,LPV,false,true,true
557,1012124028022,23:27:18.96,-12:38:50.7,13.77,1.1076208,0.47,curve_557_folded.png,curve_557_original.png,CEP,false,true,false
661,1009125035570,23:27:49.28,-09:23:17.2,15.84,119.947,0.72,curve_661_folded.png,curve_661_original.png,CEP,false,true,false
638,1132109010029,23:41:48.94,+31:24:17.6,16.82,5.58288,0.28,curve_638_folded.png,curve_638_original.png,CEP,false,true,false
703,1138103030365,23:50:57.04,+37:40:32.5,16.41,0.422287,0.38,curve_703_folded.png,curve_703_original.png,EB,false,true,true
729,1126116030717,23:57:04.93,+26:33:51.1,17.5,10.7308,0.49,curve_729_folded.png,curve_729_original.png,CEP,true,false,false
243,1007078027226,14:43:51.25,0:29:13.27,17.65,0.5685873,0.89,curve_243_folded.png,curve_243_original.png,RRLYR,false,true,false
228,1004070024445,13:3:32.48,0:18:4.61,15.475999999999999,0.5543102,0.69,curve_228_folded.png,curve_228_original.png,RRLYR,false,true,false
248,1012126015709,23:49:24.82,0:52:58.53,15.887,0.5357704000000001,0.65,curve_248_folded.png,curve_248_original.png,RRLYR,false,true,false
199,1009051024723,9:36:47.89,0:40:48.54,16.762,0.5774836,0.7,curve_199_folded.png,curve_199_original.png,RRLYR,false,true,false
539,1104128039542,23:51:0.27,0:19:31.06,15.061,0.6203085,1.03,curve_539_folded.png,curve_539_original.png,RRLYR,false,true,false
704,1018114011191,22:9:32.11,-1:16:57.65,14.377,0.6073463000000001,1.09,curve_704_folded.png,curve_704_original.png,RRLYR,false,true,false
777,1001052041274,9:39:1.71,0:4:2.3,15.902999999999999,0.5921673000000001,0.76,curve_777_folded.png,curve_777_original.png,RRLYR,false,true,false
625,1001064008228,11:55:10.51,0:9:46.64,16.82,0.5382514,0.82,curve_625_folded.png,curve_625_original.png,RRLYR,true,false,false
29,1138059059488,13:40:21.14,2:37:51.65,16.609,0.5862795,0.84,curve_29_folded.png,curve_29_original.png,RRLYR,false,true,true
806,1009076015312,14:11:57.75,0:42:21.92,17.011,0.4931093,0.85,curve_806_folded.png,curve_806_original.png,RRLYR,false,true,false
792,1009076000576,14:12:36.65,0:45:7.5,17.253,0.5496725,1.02,curve_792_folded.png,curve_792_original.png,RRLYR,false,true,false
751,1118082035980,15:57:5.78,1:12:58.03,16.555,0.6105804,0.83,curve_751_folded.png,curve_751_original.png,RRLYR,false,true,true
430,1104128008817,23:58:7.84,0:13:5.73,17.594,0.5952901999999999,0.55,curve_430_folded.png,curve_430_original.png,RRLYR,false,true,false
427,1009088108206,16:27:45.34,0:35:3.1,17.078,0.5705795,0.62,curve_427_folded.png,curve_427_original.png,RRLYR,false,true,true
732,1115090016923,17:20:22.44,0:58:2.6,12.572000000000001,0.5916323,0.63,curve_732_folded.png,curve_732_original.png,RRLYR,false,true,false
155,1007079025904,14:49:10.87,0:29:38.98,19.266,0.5117079000000001,0.86,curve_155_folded.png,curve_155_original.png,RRLYR,false,true,true
550,1107112114378,21:2:36.08,0:33:33.04,17.004,0.6297475,0.67,curve_550_folded.png,curve_550_original.png,RRLYR,false,true,false
594,1018108034687,21:2:37.2,-1:14:37.58,17.517,0.5727616,0.92,curve_594_folded.png,curve_594_original.png,RRLYR,false,true,false
685,1135061023880,13:41:49.33,2:20:21.45,17.137999999999998,0.5069505,1.13,curve_685_folded.png,curve_685_original.png,RRLYR,false,true,true
0,1012111036242,21:3:40.92,0:52:4.46,16.698,0.6788736999999999,0.76,curve_0_folded.png,curve_0_original.png,RRLYR,false,true,true
218,1118087074014,16:55:32.79,1:16:14.15,18.047,0.45723270000000005,0.72,curve_218_folded.png,curve_218_original.png,RRLYR,false,true,false
327,1101086047059,15:59:45.21,0:5:59.92,18.521,0.6616347,0.55,curve_327_folded.png,curve_327_original.png,RRLYR,false,true,false
81,1132074063523,16:0:13.95,2:14:0.89,18.031,0.512911,1.08,curve_81_folded.png,curve_81_original.png,RRLYR,false,true,false
353,1107003010426,0:25:31.58,0:24:33.44,16.849,0.6990015,0.47,curve_353_folded.png,curve_353_original.png,RRLYR,false,true,false
193,1009061050458,11:20:20.33,0:35:16.43,16.664,0.5567466999999999,0.82,curve_193_folded.png,curve_193_original.png,RRLYR,false,true,false
282,1101091051821,16:57:2.57,0:4:26.75,17.46,0.6441236,0.62,curve_282_folded.png,curve_282_original.png,RRLYR,false,true,false
168,1109112061598,21:7:14.27,0:39:33.61,13.966,0.5469514,0.91,curve_168_folded.png,curve_168_original.png,RRLYR,false,true,false
663,1101113053478,21:7:34.81,0:5:40.43,16.82,0.7062526,0.56,curve_663_folded.png,curve_663_original.png,RRLYR,false,true,true
756,1101077052796,14:19:59.44,0:8:3.58,19.076,0.5894256,0.62,curve_756_folded.png,curve_756_original.png,RRLYR,false,true,false
815,1107112041601,21:7:44.69,0:26:37.42,17.673,0.5171751,1.33,curve_815_folded.png,curve_815_original.png,RRLYR,false,true,false
417,1129073049483,15:27:40.58,2:0:40.98,16.129,0.4722035,0.97,curve_417_folded.png,curve_417_original.png,RRLYR,false,true,true
135,1009109046910,20:27:38.71,0:40:56.33,16.57,0.7263689,0.62,curve_135_folded.png,curve_135_original.png,RRLYR,false,true,true
799,1132046051823,9:50:3.48,2:13:49.71,17.194000000000003,0.523736,1.04,curve_799_folded.png,curve_799_original.png,RRLYR,false,true,false
216,1118119003080,23:5:17.42,1:8:12.69,17.755,0.6807736999999999,0.51,curve_216_folded.png,curve_216_original.png,RRLYR,false,true,false
413,1118083067285,16:3:40.19,1:17:31.1,16.921,0.5588196999999999,0.69,curve_413_folded.png,curve_413_original.png,RRLYR,false,true,true
97,1012108016356,20:28:18.65,0:54:56.18,18.248,0.6210852,0.4,curve_97_folded.png,curve_97_original.png,RRLYR,false,true,false
178,1101086019646,16:3:41.8,0:2:23.79,11.873,0.4875599,0.85,curve_178_folded.png,curve_178_original.png,RRLYR,true,false,false
452,1115112082781,21:39:38.47,1:5:17.5,18.58,0.5080934,1.01,curve_452_folded.png,curve_452_original.png,RRLYR,false,true,false
818,1132078081214,16:58:43.93,2:14:20.43,15.857999999999999,0.5604332,0.5,curve_818_folded.png,curve_818_original.png,RRLYR,false,true,false
192,1007073029984,13:45:29.25,0:28:26.35,19.203,0.5166608,0.92,curve_192_folded.png,curve_192_original.png,RRLYR,true,false,false
708,1007019015159,3:29:10.65,0:30:38.77,18.089000000000002,0.5564616,0.93,curve_708_folded.png,curve_708_original.png,RRLYR,false,true,false
480,1007115065443,21:40:35.14,0:24:48.98,17.401,0.5389980999999999,0.79,curve_480_folded.png,curve_480_original.png,RRLYR,false,true,true
255,1018106102180,20:32:50.83,-1:8:9.4,17.699,0.6170581,0.55,curve_255_folded.png,curve_255_original.png,RRLYR,false,true,false
466,1115004053897,0:39:1.76,1:7:35.53,16.320999999999998,0.4967465999999999,0.96,curve_466_folded.png,curve_466_original.png,RRLYR,false,true,false
6,1107048039409,8:59:1.79,0:29:33.89,17.945,0.4691263,1.0,curve_6_folded.png,curve_6_original.png,RRLYR,false,true,false
366,1015019022002,3:36:20.47,-1:2:29.13,18.177,0.5597813,1.15,curve_366_folded.png,curve_366_original.png,RRLYR,false,true,false
52,1001077012257,14:24:23.87,0:9:13.12,19.14,0.6066868000000001,0.82,curve_52_folded.png,curve_52_original.png,RRLYR,false,true,false
190,1104074043269,13:48:36.7,0:18:27.55,19.125999999999998,0.5305970999999999,0.89,curve_190_folded.png,curve_190_original.png,RRLYR,false,true,false
698,1015107034321,20:33:56.27,-1:4:8.1,16.527,0.5774429,0.66,curve_698_folded.png,curve_698_original.png,RRLYR,false,true,false
76,1115069002381,13:17:3.57,0:56:49.05,17.656,0.5119075,0.86,curve_76_folded.png,curve_76_original.png,RRLYR,false,true,false
611,1007061014640,11:29:39.54,0:31:6.88,16.672,0.5864253,0.6,curve_611_folded.png,curve_611_original.png,RRLYR,false,true,false
462,1121004056201,0:43:59.53,1:28:36.58,14.469000000000001,0.5250656,1.14,curve_462_folded.png,curve_462_original.png,RRLYR,false,true,true
326,1009119053016,22:26:35.66,0:35:2.6,15.742,0.675573,0.91,curve_326_folded.png,curve_326_original.png,RRLYR,false,true,true
189,1101074057959,13:51:20.03,0:9:38.82,18.961,0.7458657,0.5,curve_189_folded.png,curve_189_original.png,RRLYR,false,true,false
692,1007065057205,12:14:12.18,0:23:14.53,14.120999999999999,0.5807133000000001,0.76,curve_692_folded.png,curve_692_original.png,RRLYR,false,true,false
798,1109113029421,21:14:41.4,0:36:59.07,19.491,0.5678975,1.04,curve_798_folded.png,curve_798_original.png,RRLYR,false,true,false
712,1104084010092,15:34:55.33,0:12:37.01,13.099,0.5964121,0.49,curve_712_folded.png,curve_712_original.png,RRLYR,false,true,false
673,1018116022611,22:29:0.84,-1:14:51.47,17.752,0.5013697,1.12,curve_673_folded.png,curve_673_original.png,RRLYR,false,true,false
515,1126056037169,11:34:2.45,1:48:46.41,17.798,0.6200059,0.8,curve_515_folded.png,curve_515_original.png,RRLYR,false,true,false
184,1012085037227,16:10:13.84,0:52:52.63,16.059,0.5163833,0.98,curve_184_folded.png,curve_184_original.png,RRLYR,false,true,false
351,1104069004838,12:48:17.58,0:12:9.84,17.42,0.5517725,0.73,curve_351_folded.png,curve_351_original.png,RRLYR,false,true,false
567,1009049056493,9:7:58.19,0:36:6.82,15.787,0.4624729,1.19,curve_567_folded.png,curve_567_original.png,RRLYR,false,true,false
131,1129037063187,7:51:16.63,2:1:7.01,13.543,0.595399,0.69,curve_131_folded.png,curve_131_original.png,RRLYR,false,true,false
128,1015060025125,11:35:16.07,-1:3:0.26,16.212,0.49570870000000006,0.98,curve_128_folded.png,curve_128_original.png,RRLYR,false,true,true
372,1004069004478,12:49:47.95,0:21:45.59,16.847,0.4866827,0.78,curve_372_folded.png,curve_372_original.png,RRLYR,false,true,true
242,1007065042362,12:16:21.15,0:25:58.25,17.166,0.5382701999999999,0.63,curve_242_folded.png,curve_242_original.png,RRLYR,false,true,true
597,1132059002309,12:50:0.64,2:4:33.64,14.311,0.5364818,0.99,curve_597_folded.png,curve_597_original.png,RRLYR,true,false,false
498,1112112053918,21:17:24.69,0:50:27.31,18.514,0.5586221,0.93,curve_498_folded.png,curve_498_original.png,RRLYR,false,true,false
788,1104043070628,7:56:5.3,0:17:1.87,15.09,0.46343909999999994,1.11,curve_788_folded.png,curve_788_original.png,RRLYR,false,true,true
317,1101013058447,2:19:19.67,0:11:13.4,14.289000000000001,0.7250774999999999,0.54,curve_317_folded.png,curve_317_original.png,RRLYR,false,true,true
187,1001058008210,10:51:16.69,0:9:54.55,18.215999999999998,0.5627350999999999,0.79,curve_187_folded.png,curve_187_original.png,RRLYR,false,true,false
429,1101058028795,10:51:24.74,0:5:16.94,15.890999999999998,0.543359,0.81,curve_429_folded.png,curve_429_original.png,RRLYR,false,true,false
416,1009013048215,2:23:38.03,0:34:21.3,17.582,0.619251,0.69,curve_416_folded.png,curve_416_original.png,RRLYR,true,false,false
159,1115021031504,4:1:0.52,1:2:17.28,15.463,0.6182071,0.57,curve_159_folded.png,curve_159_original.png,RRLYR,false,true,false
244,1104114097446,21:18:48.07,0:22:21.04,19.623,0.5250829,0.96,curve_244_folded.png,curve_244_original.png,RRLYR,false,true,false
504,1166041047474,17:39:15.16,4:26:59.12,15.767999999999999,0.674905,0.59,curve_504_folded.png,curve_504_original.png,RRLYR,true,false,false
362,1149029008905,8:4:21.57,3:13:23.26,13.277000000000001,0.5753588000000001,0.45,curve_362_folded.png,curve_362_original.png,RRLYR,false,true,false
822,1104072059984,13:26:29.69,0:21:21.16,18.519000000000002,0.6518038,0.4,curve_822_folded.png,curve_822_original.png,RRLYR,true,false,false
406,1123054018578,10:54:10.84,1:33:59.28,18.375,0.6318832,0.99,curve_406_folded.png,curve_406_original.png,RRLYR,false,true,false
263,1004050026328,9:17:44.99,0:18:19.13,15.547,0.5382246999999999,1.17,curve_263_folded.png,curve_263_original.png,RRLYR,false,true,false
408,1009006045785,1:4:57.05,0:33:55.96,17.250999999999998,0.598114,0.63,curve_408_folded.png,curve_408_original.png,RRLYR,false,true,false
85,1101114089057,21:22:5.19,0:10:22.74,19.107,0.5675114,1.13,curve_85_folded.png,curve_85_original.png,RRLYR,true,false,false
279,1015023008068,4:17:56.02,-1:6:7.49,15.972999999999999,0.4699127,0.97,curve_279_folded.png,curve_279_original.png,RRLYR,false,true,true
238,1121074041752,14:36:0.05,1:26:7.61,17.207,0.6188206999999999,0.9,curve_238_folded.png,curve_238_original.png,RRLYR,true,false,false
641,1118048053231,9:20:43.46,1:17:44.79,14.523,0.6415681,0.57,curve_641_folded.png,curve_641_original.png,RRLYR,false,true,true
143,1109069028842,12:55:51.2,0:39:16.15,18.711,0.5529310000000001,0.72,curve_143_folded.png,curve_143_original.png,RRLYR,false,true,true
201,1109024008109,4:22:3.45,0:35:9.39,17.129,0.6151011,0.6,curve_201_folded.png,curve_201_original.png,RRLYR,false,true,true
51,1104015029538,2:37:49.26,0:16:49.3,14.704,0.6119569,0.91,curve_51_folded.png,curve_51_original.png,RRLYR,false,true,false
7,1012080029572,15:11:35.21,0:52:22.96,17.212,0.65374,0.63,curve_7_folded.png,curve_7_original.png,RRLYR,false,true,false
513,1101075017121,14:2:29.12,0:3:7.65,19.243,0.5971914,0.9,curve_513_folded.png,curve_513_original.png,RRLYR,false,true,true
312,1132068025469,14:38:40.67,2:8:31.13,14.995,0.6425294,0.79,curve_312_folded.png,curve_312_original.png,RRLYR,true,false,false
42,1101090023343,16:46:29.91,0:2:11.51,18.19,0.49401890000000004,0.7,curve_42_folded.png,curve_42_original.png,RRLYR,false,true,true
139,1101007023884,1:16:4.1,0:5:3.08,16.837,0.5629978,0.84,curve_139_folded.png,curve_139_original.png,RRLYR,false,true,false
601,1140040034271,9:30:40.26,2:44:24.49,14.36,0.6744994000000001,0.25,curve_601_folded.png,curve_601_original.png,RRLYR,false,true,false
185,1012072021957,13:34:27.8,0:53:50.25,16.969,0.6052162,0.41,curve_185_folded.png,curve_185_original.png,RRLYR,false,true,true
219,1135068023962,15:16:14.87,2:19:33.21,16.859,0.5828277,0.71,curve_219_folded.png,curve_219_original.png,RRLYR,false,true,false
526,1004088073136,16:22:34.87,0:14:46.49,17.837,0.4698656,1.08,curve_526_folded.png,curve_526_original.png,RRLYR,false,true,false
345,1152048035534,14:6:48.81,3:29:44.19,16.862000000000002,0.5806314,0.56,curve_345_folded.png,curve_345_original.png,RRLYR,false,true,true
79,1138045025131,10:21:3.55,2:31:27.71,16.259,0.5307616,1.05,curve_79_folded.png,curve_79_original.png,RRLYR,true,false,false
