catalina_id,colour,conservation_status,diet,family,genus,habitat,kingdom,life_span,lifestyle,order,phylum,predators,skin_type,top_speed,weight,Var_Type,_training,_validation,_abc
0,"Marrón, gris, amarillo",Menor preocupación,Omnívoro,Orycteropodidae,Orycteropus,Suelo arenoso y arcilloso,Animalia,23 años,Nocturno,Tubulidentata,Chordata,"Leones, leopardos, hienas",Cabello,40kph (25 mph),60kg - 80kg (130lbs - 180lbs),Mamífero,false,true,false
2,Negro con pecho blanco,Menor preocupación,Carnívoro,Spheniscidae,Pygoscelis,Tierra y océano antárticos,Animalia,10 - 20 años,Diurno,Sphenisciformes,Chordata,"Sello del leopardo, gaviota de Skua, orca",Plumas,72kph (45 mph),3kg - 6kg (7lbs - 13lbs),Ave,false,true,true
5,Gris marrón,Amenazado,Herbívoro,Elefantidae,Loxodonta,"Bosque, sabana y llanuras de inundación",Animalia,60 - 70 años,Diurno,Proboscidea,Chordata,"Humanos, León, Hiena",Cuero,40kph (25 mph),"3,600kg - 5,400kg (7,900lbs - 12,000lbs)",Mamífero,false,true,false
6,"Negro, Blanco, Gris, Amarillo, Marrón, Tan",Menor preocupación,Omnívoro,Viverridae,Civettictis,Bosque tropical,Animalia,15 - 20 años,Nocturno,Carnivora,Chordata,"Leones, serpientes, leopardos",Pelaje,"",1.4kg - 4.5kg (3lbs - 10lbs),Mamífero,false,true,false
7,"Marrón, Gris, Albino",Menor preocupación,Carnívoro,Pipidae,Xenopus,Agua caliente estancada con pastizales,Animalia,8 - 15 años,Nocturno,Anura,Chordata,"Serpientes, Aves, Pequeños Mamíferos",Escalas Permeables,8km / h (5 mph),25g - 220g (1oz - 8oz),Anfibio,false,true,false
8,Gris marrón,En peligro de extinción,Herbívoro,Elefantidae,Loxodonta,"Bosque, sabana y llanuras de inundación",Animalia,60 - 70 años,Diurno,Proboscidea,Chordata,"Humanos, León, Hiena",Cuero,39km / h (24 mph),900kg - 3.000kg (1.984libras - 6.613 libras),Mamífero,false,true,false
9,"Negro, Blanco, Gris, Amarillo, Marrón, Tan",Menor preocupación,Omnívoro,Nandiniidae,Nandinia,Bosque tropical,Animalia,15 - 20 años,Crepuscular,Carnivora,Chordata,"Leones, serpientes, leopardos",Pelaje,"",1.4kg - 4.5kg (3lbs - 10lbs),Mamífero,false,true,false
10,"Negro, Blanco, Gris",En peligro de extinción,Carnívoro,Spheniscidae,Spheniscus,Islas Rocosas del Océano,Animalia,10 - 15 años,Diurno,Sphenisciformes,Chordata,"Tiburones, lobos marinos, gaviotas",Plumas,20kph (12.4 mph),"2kg - 5kg (4,4 libras - 11 libras)",Ave,false,true,false
11,"Marrón, Negro, Blanco, Tan",Menor preocupación,Carnívoro,Bufonidae,Nectophryne,Bosque tropical de tierras bajas,Animalia,3 - 5 años,Solitario,Anura,Chordata,"Peces, Sapos, Pájaros",Permeable,8km / h (5 mph),2g - 5g (0.07oz - 0.18oz),Anfibio,false,true,false
12,"Gris, Negro, Blanco, Marrón, Moreno, Oro, Rojo",En peligro de extinción,Carnívoro,Canidae,Lycaon,Llanos y sabanas abiertos,Animalia,10 - 13 años,Crepuscular,Carnivora,Chordata,"Leones, hienas, seres humanos",Pelaje,72kph (45 mph),17kg - 36kg (39lbs - 79lbs),Mamífero,true,false,false
18,"Negro, blanco, marrón, rojo, amarillo",En peligro de extinción,Carnívoro,Diomedeidae,"",Aguas e islas del sur,Animalia,12 - 40 años,Diurno,Procellariiformes,Chordata,"Humanos, tiburones tigre",Plumas,64kph (40 mph),8kg - 10kg (17lbs - 22lbs),Ave,false,true,false
19,"Negro, Marrón, Moreno",Vulnerable,Herbívoro,Testudinidae,Geochelone,Praderas y pantanos,Animalia,80 - 255 años,Diurno,Testudos,Chordata,"Cangrejo gigante, humanos, gatos",Escamas,0.5kph (0.3mph),150kg - 250kg (330lbs - 550lbs),Reptil,false,true,false
20,"Verde, gris, negro, marrón, amarillo",Menor preocupación,Carnívoro,Alligatoridae,Caimán,Pantano y pantano,Animalia,30 - 60 años,Diurno / Nocturno,Crocodilia,Chordata,"Humanos, Aves, Mapache",Escamas,24kph (15 mph),181kg - 363kg (400lbs - 800lbs),Reptil,false,true,false
33,"Marrón, Gris, Negro, Moreno",Amenazado,Omnívoro,Myrmecophagidae,Tamandua,Bosques y pastizales,Animalia,9 - 20 años,Solitario,Xenarthra,Chordata,"Puma, Serpientes, Jaguar",Pelaje,30km / h (18 mph),18kg - 40kg (40lbs - 88lbs),Mamífero,false,true,false
34,"Marrón, Rojo, Moreno",Menor preocupación,Herbívoro,Bovidae,Antilopinae,Bosques y pastizales,Animalia,10 - 25 años,Manada,Artiodactyla,Chordata,"León, guepardo, cocodrilo",Pelaje,70km / h (43 mph),"500kg - 900kg (1,100lbs - 2,000lbs)",Mamífero,false,true,false
36,"Blanco, Negro, Gris",Menor preocupación,Carnívoro,Canidae,Alopex,Regiones de bosques polares,Animalia,7 - 10 años,Solitario,Carnivora,Chordata,"Búho Nevado, Lobo, Oso Polar",Pelaje,45km / h (30 mph),1.4kg - 9.4kg (3lbs - 21lbs),Mamífero,false,true,false
37,Gris blanco,Menor preocupación,Herbívoro,Leporidae,Lepus,Tundra y áreas rocosas,Animalia,3 - 8 años,Manada,Lagomorpha,Chordata,"Búho Nevado, Zorro, Lobo",Pelaje,64km / h (40 mph),4kg - 5kg (9lbs - 12lbs),Mamífero,false,true,true
38,Gris blanco,Menor preocupación,Carnívoro,Canidae,del perro,Planicies de césped y bosques de tundra,Animalia,7 - 10 años,Paquete,Carnivora,Chordata,Humano,Pelaje,75km / h (46 mph),25kg - 40kg (55lbs - 88lbs),Mamífero,false,true,false
39,"Rosa, Gris, Negro",En peligro de extinción,Omnívoro,Dasypodidae,Dasypus,Bosques y pastizales,Animalia,4 - 12 años,Solitario,Cingulata,Chordata,"Oso, Lobo, Coyote",Placas óseas,48km / h (30 mph),4kg - 30kg (9lbs - 66lbs),Mamífero,false,true,false
40,"Gris, Marrón, Negro",En peligro de extinción,Herbívoro,Elefantidae,Elephas,Selva tropical y bosque tropical,Animalia,55 - 70 años,Manada,Proboscidea,Chordata,"Humano, tigre",Cuero,43km / h (27 mph),"3.000kg - 5.000kg (6,500lbs - 11,000lbs)",Mamífero,false,true,false
42,"Negro, Blanco, Gris, Amarillo, Marrón, Tan",Vulnerable,Carnívoro,Viverridae,Paradoxurus,Bosque tropical,Animalia,15 - 20 años,Solitario,Carnivora,Chordata,"Leones, serpientes, leopardos",Pelaje,"",1.4kg - 4.5kg (3lbs - 10lbs),Mamífero,false,true,false
43,"Negro, Marrón, Blanco",En peligro de extinción,Omnívoro,Ursidae,Ursus,Bosque Deciduo Tropical,Animalia,15 - 25 años,Nocturno,Carnivora,Chordata,"Tigre, lobos, seres humanos",Pelaje,40kph (25 mph),90kg - 115kg (198libras - 253libras),Mamífero,false,true,false
49,Blanco negro,Menor preocupación,Carnívoro,Recurvirostridae,Recurvirostra,Humedales templados,Animalia,10 - 15 años,Rebaño,Charadriiformes,Chordata,"Perros, gatos, Stouts",Plumas,40km / h (25 mph),140g - 400g (5oz - 14oz),Ave,false,true,false
50,"Negro, Blanco, Rosa, Gris, Marrón",En peligro de extinción,Carnívoro,Ambystomatidae,Ambystoma,Lagos de agua dulce de gran altitud,Animalia,10 - 20 años,Solitario,Caudata,Chordata,"Pájaros, Peces",Permeable,17km / h (10mph),60g - 200g (2oz - 7oz),Anfibio,true,false,false
51,"Negro, Marrón oscuro",En peligro de extinción,Omnívoro,Daubentoniidae,Daubentonia,"Densa, selva tropical",Animalia,10 - 23 años,Nocturno,Primates,Chordata,"Humanos, Fosa, Aves de rapiña",Pelaje,32kph (20 mph),2kg - 2.7kg (4lbs - 6lbs),Mamífero,false,true,false
52,"Verde oliva, amarillo, gris, plata, marrón, negro",Menor preocupación,Omnívoro,Cercopithecidae,Papio,"Pradera, desierto rocoso y selva tropical",Animalia,15 - 40 años,Diurno,Primates,Chordata,"León, leopardo, perro salvaje africano",Cabello,45kph (30 mph),14kg - 45kg (30lbs - 100lbs),Mamífero,false,true,false
53,"Marrón, Moreno",En peligro de extinción,Herbívoro,Camelidae,Camelus,Desiertos cerca del agua,Animalia,35 - 50 años,Manada,Artiodactyla,Chordata,"Humanos, tigre, lagartos de monitor",Pelaje,64km / h (40 mph),600kg - 816kg (1.322lbs - 1.800 libras),Mamífero,false,true,false
54,"Marrón, Negro, Blanco",Amenazado,Omnívoro,Mustelidae,Taxidina,Bosques y setos,Animalia,4 - 10 años,Solitario,Carnivora,Chordata,"Humanos, águila, gatos monteses",Pelaje,30km / h (18 mph),11kg - 14kg (24lbs - 30lbs),Mamífero,false,true,false
263,"Marrón, Moreno",Amenazado,Omnívoro,Sciuridae,Spermophilus,Praderas de bosque y pasto,Animalia,3-5 años,Social,Rodentia,Cnidaria,"Búhos, Serpientes, Coyotes",Pelaje,25km / h (16 mph),"220-1.000 g (7,8-35,2 oz)",Mamífero,false,true,true
56,"Negro, Blanco, Gris, Amarillo, Marrón, Tan",Vulnerable,Carnívoro,Viverridae,Hemigalus,Bosque tropical,Animalia,15 - 20 años,Solitario,Carnivora,Chordata,"Leones, serpientes, leopardos",Pelaje,"",1.4kg - 4.5kg (3lbs - 10lbs),Mamífero,false,true,false
57,"Gris, Negro, Blanco, Marrón, Moreno, Oro",En peligro de extinción,Omnívoro,Peramelidae,Perameles,"Bosque, selva y selva",Animalia,3-7 años,Solitario,Peramelemorfia,Chordata,"Zorros, serpientes, gatos monteses",Pelaje,24 km / h (15 mph),0.2kg - 1.6kg (0.4lbs - 3.5lbs),Mamífero,false,true,true
59,"Negro, Blanco, Gris, Naranja, Marrón",Menor preocupación,Carnívoro,Tytonidae,Tyto,Llanos abiertos y bosques bajos,Animalia,5 - 10 años,Solitario,Strigiformes,Chordata,"Fox, mapache, perros salvajes",Plumas,80km / h (50 mph),300g - 550g (10oz - 19.4oz),Ave,false,true,false
65,"Marrón, Negro, Gris",Menor preocupación,Omnívoro,Microchiroptera,Emballonuridae,Bosques y cuevas,Animalia,10 - 30 años,Paquete,Chiroptera,Chordata,"Búhos, águilas, serpientes",Pelaje,40km / h (25 mph),2g - 1.000g (0.07oz - 35oz),Mamífero,false,true,false
68,"Negro, marrón, blanco",En peligro de extinción,Omnívoro,Ursidae,Ursus,Bosques y regiones montañosas,Animalia,15 - 35 años,Solitario,Carnivora,Chordata,"Humanos, lobos, gatos monteses",Pelaje,56km / h (35 mph),27kg - 450kg (60lbs - 990lbs),Mamífero,false,true,true
70,"Verde, amarillo, marrón, gris",Menor preocupación,Omnívoro,Agamidae,Pogona,Bosque árido y desierto,Animalia,6 - 15 años,Solitario,Squamata,Chordata,"Pájaros, serpientes, cocodrilos",Escamas,40km / h (25 mph),250g - 510g (9oz - 18oz),Reptil,false,true,true
71,Marrón gris,Amenazado,Herbívoro,Castoridae,Castor,Bosque árido y desierto,Animalia,15 - 20 años,Solitario,Rodentia,Chordata,"Lobo, Oso, Lince",Pelaje,55km / h (34 mph),16kg - 27kg (35lbs - 60lbs),Mamífero,false,true,false
74,"Naranja, Negro, Blanco",En peligro de extinción,Carnívoro,Felidae,Panthera,Bosque tropical denso y manglares,Animalia,18 - 25 años,Solitario,Carnivora,Chordata,Humano,Pelaje,96km / h (60mph),140kg - 300kg (309libras - 660lbs),Mamífero,false,true,false
77,"Negro, Marrón, Gris",Vulnerable,Omnívoro,Viverridae,Arctictis,Bosque tropical denso y húmedo,Animalia,10 - 25 años,Nocturno / Crepuscular,Carnivora,Chordata,"Humanos, Tigres, Serpientes",Pelaje,24kph (15 mph),10kg - 14kg (22lbs - 31lbs),Mamífero,false,true,false
78,"Marrón, Gris, Blanco, Negro, Amarillo, Rojo, Naranja, Azul, Rosa","",Omnívoro,"","",Bosques y tierra arbórea cerca del agua,Animalia,1 - 100 años,"","",Chordata,"Zorros, pájaros, perros salvajes",Plumas,322km / h (200mph),0.002kg - 130kg (0.004libras - 286lbs),Ave,false,true,false
79,"Negro, Blanco, Gris, Verde, Marrón, Azul, Amarillo, Rojo",Menor preocupación,Omnívoro,Paradisaeidae,"",Árboles forestales tropicales,Animalia,5 - 8 años,Solitario,Passeriformes,Chordata,"Humanos, Serpientes, Pájaros Grandes",Plumas,"",50g - 430g (1.8oz - 15.2oz),Ave,false,true,false
81,"Marrón, Moreno",Amenazado,Herbívoro,Bovidae,Bisonte,Pastizales y bosques,Animalia,15 - 20 años,Manada,Artiodactyla,Chordata,"Humanos, Oso, Lobos",Cabello,35km / h (22 mph),1.000kg - 1.300kg (2.200lbs - 2.500lbs),Mamífero,false,true,false
82,"Negro, Marrón oscuro, Moreno",Menor preocupación,Omnívoro,Ursidae,Ursus,Bosques y bosques,Animalia,15 - 30 años,Nocturno,Carnivora,Chordata,"Oso grizzly, zorro, aves de presa",Pelaje,48kph (30 mph),100kg - 270kg (220lbs - 594lbs),Mamífero,false,true,false
83,"Marrón, Gris, Blanco",En peligro crítico,Herbívoro,Rhinocerotidae,Diceros,"Arbustos tropicales, pastizales y sabanas",Animalia,45-50 años,Solitario,Perissodactyla,Chordata,"Humanos, Gatos salvajes",Cuero,42km / h (30 mph),800kg - 1.400kg (1.800 libras - 3.100 libras),Mamífero,false,true,true
88,"Gris, Azul, Blanco, Negro",En peligro de extinción,Carnívoro,Balaenopteridae,Balaenoptera,Aguas polares y subtropicales,Animalia,30 - 45 años,Diurno,Cetacea,Chordata,"Humanos, vainas de orca",Suave,20kph (13 mph),"100tonnes - 160tonnes (220,000 libras - 352,000 libras)",Mamífero,true,false,false
90,"Rojizo, Beige, Marrón, Rojo, Negro, Blanco",Menor preocupación,Carnívoro,Felidae,Lince,"Bosque montañoso, pantano, desierto",Animalia,12 - 15 años,Nocturno / Crepuscular,Carnivora,Chordata,"Puma, Lobos, Coyotes",Pelaje,55kph (34 mph),4.1kg - 15.3g (9lbs - 33lbs),Mamífero,false,true,false
93,"Naranja, Rojo, Castaño, Blanco, Marrón, Negro",Casi amenazado,Herbívoro,Bovidae,Tragelaphus,Bosques densos y matorrales de bambú,Animalia,10 - 18 años,Diurno,Artiodactyla,Chordata,"Leopardos, hienas, leones",Pelaje,70kph (43 mph),150kg - 220kg (330lbs - 484lbs),Mamífero,false,true,false
94,"Negro, Gris, Marrón",En peligro de extinción,Omnívoro,Hominidae,Pan,Selva de tierras bajas y bosques de pantano,Animalia,30 - 40 años,Tropa,Primates,Chordata,"Humanos, Primates grandes, Cocodrilos",Cabello,40km / h (25 mph),25kg - 50kg (55lbs - 110lbs),Mamífero,false,true,true
95,"Marrón, Negro, Blanco, Gris",Menor preocupación,Carnívoro,Sulidae,Sula,Islas subtropicales y tropicales,Animalia,12 - 17 años,Rebaño,Pelecaniformes,Chordata,"Humanos, búhos, aves rapaces",Plumas,97km / h (60mph),0.9kg -1.8kg (2lbs - 3.9lbs),Ave,false,true,true
98,"Rojo, Naranja, Marrón, Gris, Negro",En peligro crítico,Omnívoro,Hominidae,Pongo,Bosque de tierras bajas y peat-swamps,Animalia,30 - 40 años,Diurno,Primates,Chordata,"Humanos, Tigre, Leopardo nublado",Cabello,6kph (2.7mph),30kg - 90kg (66lbs - 200lbs),Mamífero,false,true,false
99,"Gris, Marrón, Negro",En peligro crítico,Herbívoro,Elefantidae,Elephas,Selva tropical y bosque tropical,Animalia,55 - 70 años,Manada,Proboscidea,Chordata,"Humano, tigre",Cuero,43km / h (27 mph),"3.000kg - 5.000kg (6,500lbs - 11,000lbs)",Mamífero,false,true,false
101,"Gris claro, Gris oscuro",Menor preocupación,Omnívoro,Delphinidae,Tursiops,Puertos y bahías calientes,Animalia,20 - 35 años,Vaina,Cetacea,Chordata,"Humanos, tiburones, orca",Suave,35km / h (21mph),200kg - 300kg (440lbs - 660lbs),Mamífero,false,true,true
105,"Marrón, Negro, Moreno",En peligro de extinción,Omnívoro,Ursidae,Ursus,Bosques y regiones montañosas,Animalia,20 - 30 años,Solitario,Carnivora,Chordata,"Humanos, Lobo, Puma",Pelaje,56km / h (35 mph),136kg - 390kg (300lbs - 860lbs),Mamífero,false,true,false
106,"Negro, Blanco, Gris, Verde, Azul, Amarillo",Menor preocupación,Omnívoro,Psitácidos,Melopsittacus,Abrir los bosques y praderas cerca del agua,Animalia,3 - 6 años,Rebaño,Psittaciformes,Chordata,"Humanos, Serpientes, Pájaros Grandes",Plumas,"",30g - 40g (1oz - 1.4oz),Ave,false,true,false
107,"Marrón, Gris, Negro",Menor preocupación,Herbívoro,Bovidae,Syncerus,Pastizales forestales y forestales,Animalia,15 - 22 años,Manada,Artiodactyla,Chordata,"Humanos, León, Cocodrilo",Cabello,35km / h (22 mph),600kg - 907kg (1.323lbs - 2.000lbs),Mamífero,false,true,false
112,"Negro, verde, gris, marrón, amarillo",Menor preocupación,Carnívoro,Ranidae,Rana,"Lagos, estanques, ríos y arroyos",Animalia,6 - 10 años,Solitario,Anura,Chordata,"Serpientes, peces, tortugas",Permeable,17km / h (10mph),300g - 500g (10.5oz - 17.6oz),Anfibio,false,true,false
115,"Negro, verde, gris, marrón, amarillo",Menor preocupación,Carnívoro,Myobatrachidae,Heleioporus,"Bosques, ríos y pantanos",Animalia,10 - 15 años,Solitario,Anura,Chordata,"Zorros, serpientes, pájaros",Permeable,8km / h (5 mph),20g - 80g (0.7oz - 2.8oz),Anfibio,true,false,false
118,"Verde, Marrón, Negro, Gris",Amenazado,Carnívoro,Alligatoridae,Caimaninae,"Manglares, pantanos y pantanos",Animalia,30 - 40 años,Solitario,Crocodilia,Chordata,"Humanos, Jaguares",Escamas,48km / h (30 mph),100kg - 500kg (220lbs - 1.102lbs),Reptil,false,true,false
119,"Negro, Marrón, Moreno, Amarillo, Gris",Menor preocupación,Carnívoro,Teiidae,Árbol de serpiente,Bosque lluvioso y pantano,Animalia,10 - 30 años,Solitario,Squamata,Chordata,"Jaguar, Grandes Serpientes, Humanos",Escamas,16km / h (10mph),1.4kg - 2.7kg (3lbs - 6lbs),Reptil,false,true,true
121,"Crema, Moreno, Marrón, Negro",Común,Herbívoro,Camelidae,Camelus,Desierto árido y matorral,Animalia,40 - 50 años,Diurno,Artiodactyla,Chordata,"Leones, Leopardos, Humanos",Cabello,64kph (40 mph),300kg - 690kg (660lbs - 1.500lbs),Mamífero,false,true,false
123,"Marrón, Amarillo, Rojo, Gris",Menor preocupación,Herbívoro,Caviidae,Hydrochoerus,Vegetación densa cerca del agua dulce,Animalia,8 - 10 años,Nocturno / Crepuscular,Rodentia,Chordata,"Jaguar, caimán, águila arpía",Pelaje,35kph (22 mph),30kg - 70kg (66libras - 154lbs),Mamífero,true,false,false
124,"Moreno, Moreno, Negro",Menor preocupación,Carnívoro,Felidae,Lince,Arbolado seco y sabana,Animalia,12 - 15 años,Solitario,Carnivora,Chordata,"Humano, Hyena, Leones",Pelaje,80km / h (50 mph),11kg - 18kg (24lbs - 40lbs),Mamífero,true,false,false
126,"Azul, amarillo, negro, moreno",Vulnerable,Omnívoro,Casuariidae,Casuarius,Bosques tropicales húmedos,Animalia,40 - 60 años,Solitario,Casuariiformes,Chordata,"Dingo, Cocodrilo, Humanos",Plumas,50km / h (31 mph),25kg - 58.5kg (55lbs - 129lbs),Ave,false,true,false
127,"","",Omnívoro,Felidae,Felis,"",Animalia,15 años,Solitario,Carnivora,Chordata,"","",48km / h (30 mph),4.5kg (10lbs),Mamífero,false,true,false
133,"Verde, Marrón, Negro, Amarillo, Rojo, Tan",Amenazado,Omnívoro,Chamaeleonidae,"",Bosques tropicales y desierto,Animalia,4 - 8 años,Solitario,Squamata,Chordata,"Serpientes, Pájaros, Mamíferos",Escamas,35km / h (21mph),0.01kg - 2kg (0.02 libras - 4.4 libras),Reptil,false,true,false
134,"Marrón, Gris, Negro, Moreno, Blanco",Menor preocupación,Herbívoro,Bovidae,Rupicapra,Terreno montañoso y rocoso,Animalia,18 - 22 años,Manada,Artiodactyla,Chordata,"Humanos, lobos, gatos monteses",Pelaje,17km / h (10mph),50kg - 55kg (110lbs - 121lbs),Mamífero,false,true,false
135,"Amarillo, Moreno, Marrón, Negro",Vulnerable,Carnívoro,Felidae,Acinonyx,Prado abierto,Animalia,10 - 12 años,Diurno,Carnivora,Chordata,"Humanos, León, Águila",Pelaje,112kph (70 mph),40kg - 65kg (88libras - 140lbs),Mamífero,false,true,false
137,"Rojo, Negro, Marrón, Blanco, Amarillo, Naranja",Amenazado,Omnívoro,Phasianidae,Gallus,Bosques abiertos y prados protegidos,Animalia,24 años,Rebaño,Galliformes,Chordata,"Humanos, Zorro, Mapache",Plumas,10km / h (6 mph),1kg - 3kg (2.2lbs - 6.6lbs),Ave,false,true,false
139,Marrón oscuro,En peligro de extinción,Omnívoro,Hominidae,Pan,Bosque tropical y sabana arbolada,Animalia,50 - 60 años,Diurno,Primates,Chordata,"Leopardos, Serpientes, Humanos",Cabello,40kph (25 mph),26kg - 70kg (57libras - 154lbs),Mamífero,false,true,true
140,"Beige, Marrón, Gris",En peligro de extinción,Herbívoro,Chinchillidae,Chinchilla,Regiones secas y montañosas,Animalia,10 - 18 años,Solitario,Rodentia,Chordata,"Búhos, zorro, pumas",Pelaje,24 km / h (15 mph),400g - 500g (14oz - 18oz),Mamífero,false,true,false
143,"Negro, Blanco, Gris",Menor preocupación,Carnívoro,Spheniscidae,Pygoscelis,Islas Rocosas Antárticas,Animalia,15 - 20 años,Colonia,Sphenisciformes,Chordata,"Sello del leopardo, orca, pájaros de mar",Plumas,"",3kg - 6kg (6.6lbs - 13lbs),Ave,false,true,false
144,"Beige, Marrón, Negro, Amarillo",Menor preocupación,Omnívoro,Sciuridae,Tamias,Bosque y bosque espeso,Animalia,4 - 8 años,Solitario,Rodentia,Chordata,"Humanos, halcones, mapaches",Pelaje,33km / h (21 mph),57g - 113g (2oz - 4oz),Mamífero,false,true,true
147,"Amarillo, Gris, Rojo, Negro, Marrón",Vulnerable,Carnívoro,Felidae,Neofelis,Bosque tropical denso y selva,Animalia,11 - 17 años,Nocturno / Crepuscular,Carnivora,Chordata,"Tigres, Leopardos, Humanos",Pelaje,64kph (40 mph),11kg - 30kg (24lbs - 66lbs),Mamífero,true,false,false
150,"Negro, Marrón, Blanco, Gris, Rojo, Tan",Menor preocupación,Omnívoro,Procyonidae,Nasua,"Bosques, pastizales, desierto",Animalia,8-15 años,Banda,Carnivora,Chordata,"Wildcats, aves de rapiña, cocodrilos",Pelaje,24 km / h (15 mph),3-8kg (6-18lbs),Mamífero,false,true,false
152,Gris oscuro,Menor preocupación,Omnívoro,Tayassuidae,Pecari,Desiertos y selvas tropicales,Animalia,10 años,Grupos de 6-12,Atriodactyla,Chordata,"Coyotes, leones de montaña y jaguares",Pelos cerrados,Desconocido,9kg - 27kg (20lbs- 60lbs),Mamífero,false,true,false
154,"Blanco, Negro, Gris, Marrón",Menor preocupación,Carnívoro,Accipitridae,Buteo,Campo y bosque,Animalia,12 - 20 años,Solitario,Accipitriformes,Chordata,"Fox, Eagle, gatos monteses",Plumas,40km / h (25 mph),400g - 1400g (15oz - 48oz),Ave,false,true,false
155,"Negro, Verde, Gris, Marrón",Menor preocupación,Carnívoro,Ranidae,Rana,"Bosques, ríos y pantanos",Animalia,5 - 10 años,Solitario,Anura,Chordata,"Zorros, serpientes, pájaros",Permeable,8km / h (5 mph),20g - 80g (0.7oz - 2.8oz),Anfibio,false,true,false
156,"Blanco, Negro, Gris, Marrón",Menor preocupación,Omnívoro,Gaviidae,Gavia,Lagos de agua dulce en climas más frescos,Animalia,15 - 25 años,Rebaño,Gaviiformes,Chordata,"Humanos, Águilas, Osprey",Plumas,"",3kg - 5kg (6.6lbs - 11lbs),Ave,false,true,false
157,"Negro, verde, gris, marrón, amarillo",Menor preocupación,Carnívoro,Bufonidae,Bufo,"Bosques, bosques y pantanos",Animalia,24 años,Solitario,Anura,Chordata,"Zorros, serpientes de hierba, erizos",Permeable,8km / h (5 mph),20g - 80g (0.7oz - 2.8oz),Anfibio,true,false,false
159,"Negro, Blanco, Marrón, Moreno",En peligro crítico,Omnívoro,Callitrichidae,Saguinus,Bosque tropical de tierras bajas,Animalia,8 - 15 años,Tropa,Primates,Chordata,"Halcones, serpientes, gatos salvajes",Pelaje,40km / h (24 mph),220g - 900g (7.7oz - 32oz),Mamífero,false,true,false
160,"Moreno, Negro, Marrón",Menor preocupación,Carnívoro,Felidae,Puma,Bosques y regiones montañosas,Animalia,10 - 20 años,Solitario,Carnivora,Chordata,"Humanos, Grizzly Bear",Pelaje,45km / h (30 mph),29kg - 90kg (64lbs - 198lbs),Mamífero,false,true,false
161,"Marrón, Negro, Blanco",Amenazado,Herbívoro,Bovidae,Bos,Bosques y pastizales,Animalia,12 - 20 años,Manada,Artiodactyla,Chordata,"Humanos, Osos, Lobos",Cuero,40km / h (25 mph),400kg - 800kg (881libras - 1.760lbs),Mamífero,false,true,true
162,"Marrón, Gris, Moreno",Menor preocupación,Carnívoro,Canidae,del perro,"Bosques, llanuras y desiertos",Animalia,10 - 15 años,Paquete,Carnivora,Chordata,"Humanos, Osos, Lobos",Pelaje,64km / h (40 mph),7kg - 21kg (15lbs - 46lbs),Mamífero,false,true,false
164,"Gris, Marrón, Blanco, Amarillo",Menor preocupación,Carnívoro,Cercopithecidae,Macaca,Selva tropical y selva tropical,Animalia,15 - 30 años,Tropa,Primates,Chordata,"Águila, Tigre, Reptiles grandes",Pelaje,48km / h (30 mph),3kg - 9kg (7lbs - 20lbs),Mamífero,false,true,true
165,"Blanco, Negro, Gris, Marrón, Rojo, Azul",Amenazado,Omnívoro,Gruidae,"",Humedales templados,Animalia,15 - 30 años,Rebaño,Gruiformes,Chordata,"Fox, Eagle, gatos monteses",Plumas,40km / h (25 mph),3.7kg - 10kg (8.2lbs - 22lbs),Ave,false,true,true
166,"Negro, blanco, gris, amarillo",Vulnerable,Carnívoro,Spheniscidae,Eudyptes,Islas Rocosas Antárticas,Animalia,15 - 20 años,Colonia,Sphenisciformes,Chordata,"Sello del leopardo, orca, tiburones",Plumas,"",3kg - 6kg (6.6lbs - 13lbs),Ave,false,true,true
167,"Marrón, Verde, Gris",Amenazado,Carnívoro,Crocodylidae,Crocodylus,"Agua tibia, tranquila y turbia",Animalia,40 - 70 años,Solitario,Crocodilia,Chordata,Humano,Escamas,18km / h (12mph),"1,000kg - 1.133kg (2.200lbs - 2.500lbs)",Reptil,false,true,false
168,Gris oscuro,En peligro crítico,Herbívoro,Hominidae,Gorila,Bosque lluvioso y selva densa,Animalia,35 - 50 años,Tropa,Primates,Chordata,"Humano, leopardo, cocodrilo",Cabello,40km / h (25 mph),100kg - 200kg (220lbs - 440lbs),Mamífero,false,true,false
170,"Negro, Marrón, Moreno, Blanco, Nata, Gris",Amenazado,Herbívoro,Phalangeridae,Falangero,Selva tropical y manglares,Animalia,8 - 12 años,Solitario,Marsupialia,Chordata,"Serpientes, Seres humanos, Grandes rapaces",Pelaje,25km / h (15 mph),3kg - 6kg (6.5lbs - 13lbs),Mamífero,false,true,false
174,"Negro, Verde, Gris, Marrón, Moreno",Vulnerable,Carnívoro,Rhinodermatidae,Rinoderma,Bosques de hayedo y en campos,Animalia,10 - 15 años,Solitario,Anura,Chordata,"Roedores, serpientes, aves",Permeable,8km / h (5 mph),2g - 5g (0.07oz - 0.17oz),Anfibio,false,true,false
175,"Marrón, Moreno, Blanco, Naranja",Amenazado,Herbívoro,Cervidae,"",Bosques densos y áreas plantadas,Animalia,10 - 20 años,Manada,Artiodactyla,Chordata,"Lobo, Oso, Puma",Pelaje,70km / h (43 mph),10kg - 450kg (22lbs - 990lbs),Mamífero,false,true,false
176,"Negro, marrón, moreno, amarillo",Amenazado,Herbívoro,Testudinidae,Gopherus,Llanos desérticos de arena y colinas rocosas,Animalia,25 - 60 años,Solitario,Testudos,Chordata,"Coyote, Pájaros, Monstruo Gila",Escamas,"0,5 km / h (0,3 mph)",4kg - 7kg (8lbs - 15lbs),Reptil,false,true,false
178,"Gris, Negro, Blanco, Marrón, Moreno, Oro, Rojo",En peligro de extinción,Carnívoro,Canidae,Cuon,Bosque seco y selva gruesa,Animalia,10 - 13 años,Paquete,Carnivora,Chordata,"Tigres, Leopardos, Humanos",Pelaje,72.4km / h (45mph),12kg - 20kg (26lbs - 44lbs),Mamífero,true,false,false
179,"Bronceado, Negro, Marrón, Gris, Rojo, Amarillo",Amenazado,Carnívoro,Canidae,del perro,"Desierto, bosques húmedos y secos",Animalia,7 - 15 años,Paquete,Carnivora,Chordata,"Humanos, Reptiles grandes",Pelaje,48km / h (30 mph),13kg - 20kg (28lbs - 44lbs),Mamífero,false,true,false
182,"Gris, Negro, Blanco, Marrón",Extinto,Omnívoro,Columbidae,Raphus,Bosque tropical,Animalia,10 - 30 años,Rebaño,Columbiformes,Chordata,"Humanos, Gatos, Perros",Plumas,"",20kg (44lbs),Ave,false,true,false
183,"","",Carnívoro,Canidae,del perro,"",Animalia,15 años,Solitario,Carnivora,Chordata,"","",50km / h (31 mph),30kg (65lbs),Mamífero,true,false,false
186,"Negro, Blanco, Gris",Amenazado,Carnívoro,Delphinidae,"","Aguas costeras templadas, puertos y bahías",Animalia,20 - 45 años,Vaina,Cetáceo,Chordata,"Humanos, tiburones, orca",Suave,40km / h (25 mph),100kg - 300kg (220lbs - 660lbs),Mamífero,false,true,false
187,"Gris, Marrón, Negro",Amenazado,Herbívoro,Equidos,Equus,Bosques áridos y desiertos,Animalia,15 - 30 años,Manada,Perissodactyla,Chordata,"Zorro, lobo, león",Pelaje,24 km / h (15 mph),200kg - 258kg (441lib - 570lbs),Mamífero,false,true,false
188,"Gris, Negro, Blanco, Marrón, Moreno, Oro",Menor preocupación,Omnívoro,Gliridae,"",Bosques densos y tierra arbustiva,Animalia,25 años,Solitario,Rodentia,Chordata,"Búhos, Serpientes, Comadrejas",Pelaje,12.8km / h (8mph),15g - 200kg (0.5oz - 7.1oz),Mamífero,true,false,false
191,"Verde, Negro, Gris, Marrón, Blanco, Amarillo",Menor preocupación,Omnívoro,Anatidae,Pato,"Ríos, lagos y humedales de bosques",Animalia,4 - 8 años,Paquete,Anseriformes,Chordata,"",Plumas,55km / h (88 mph),0.7kg - 1.4kg (1.5lbs - 3lbs),Ave,false,true,true
192,Marrón gris,Amenazado,Herbívoro,Dugongidae,Dugong,Más cálidas aguas tropicales y bosques de hierba marina,Animalia,50 - 70 años,Solitario,Sirenia,Chordata,"Humanos, Tiburones, Cocodrilos",Cuero,22km / h (13 mph),150kg - 400kg (330lbs - 880lbs),Mamífero,false,true,false
194,"Gris, Azul, Negro, Blanco",Datos deficientes,Carnívoro,Delphinidae,Lagenorhynchus,Aguas más frías cerca de las plataformas continentales,Animalia,18 - 25 años,Diurno / Nocturno,Cetacea,Chordata,"Orcas, tiburones, seres humanos",Suave,37kph (23mph),80kg - 120kg (176libras - 264lbs),Mamífero,false,true,false
196,"Negro, Gris, Marrón, Blanco, Amarillo",Amenazado,Omnívoro,Accipitridae,"","Aguas abiertas como ríos, lagos y regiones costeras",Animalia,15 - 30 años,Solitario,Falconiformes,Chordata,"Humano, halcón, mapache",Plumas,160 km / h (100 mph),0.5kg - 7kg (1.1lbs - 15.4lbs),Ave,false,true,false
198,"Negro, Marrón, Gris",En peligro crítico,Omnívoro,Hominidae,Gorila,Bosques tropicales y selvas en regiones montañosas,Animalia,35 - 50 años,Social,Primates,Chordata,"Humano, leopardo",Cabello,40km / h (25 mph),204kg - 227kg (450lbs - 500lbs),Mamífero,false,true,false
199,"Negro, Marrón, Gris",En peligro de extinción,Omnívoro,Hominidae,Gorila,Bosques tropicales y selvas en regiones montañosas,Animalia,35 - 50 años,Social,Primates,Chordata,"Humano, leopardo",Cabello,40km / h (25 mph),204kg - 227kg (450lbs - 500lbs),Mamífero,false,true,false
200,"Marrón, Negro, Blanco",Menor preocupación,Carnívoro,Tachyglossidae,Tachyglossus,Bosques fríos y secos,Animalia,15 - 40 años,Solitario,Monotremata,Chordata,"Humanos, Águila, Dingos",Puntiagudo,30km / h (18 mph),4kg - 7kg (9lbs - 15lbs),Mamífero,false,true,false
201,"Marrón, Verde, Negro, Moreno",Menor preocupación,"",Ranidae,Pelophylax,Pantanos y estanques de bosques,Animalia,5 - 15 años,Diurno,Anura,Chordata,"Zorros, gatos, pájaros",Permeable,8kph (5 mph),5g - 12g (0.17oz - 0.4oz),Anfibio,false,true,false
204,Gris,Amenazado,Herbívoro,Elefantidae,"",Bosque lluvioso y llanuras de inundación,Animalia,55 - 70 años,Manada,Proboscidea,Chordata,"Humanos, hiena, gatos monteses",Cuero,40km / h (25 mph),"3.000kg - 5,400kg (6,500lbs - 12,000lbs)",Mamífero,false,true,false
205,"Marrón, Negro, Moreno, Gris",Menor preocupación,Carnívoro,Phocidae,Mirounga,Las aguas costeras cálidas cerca de la tierra,Animalia,18 - 22 años,Manada,Carnivora,Chordata,"Humanos, tiburones, orcas",Pelaje,19km / h (12 mph),900kg - 3.000kg (2.000 libras - 6.000 libras),Mamífero,true,false,false
206,"Negro, Marrón, Gris, Blanco, Tan",Menor preocupación,Omnívoro,Macroscelididae,Elephantulus,"Bosques, bosques y pastizales",Animalia,25 años,Solitario,Macroscelidea,Chordata,"Serpientes, lagartos, aves rapaces",Pelaje,13km / h (8 mph),50g - 500g (2oz - 18oz),Mamífero,false,true,false
207,"Negro, Blanco, Amarillo, Naranja",Menor preocupación,Carnívoro,Spheniscidae,Aptenoditas,Compacto hielo marino y océano,Animalia,15 - 50 años,Diurno,Sphenisciformes,Chordata,"Gasolina gigante del sur, sello del leopardo, orca",Plumas,24kph (15 mph),22kg - 45kg (49lbs - 99lbs),Ave,false,true,true
208,"Negro, Gris, Blanco, Marrón",Menor preocupación,Omnívoro,Callitrichidae,Saguinus,Bosque tropical de tierras bajas,Animalia,8 - 15 años,Tropa,Primates,Chordata,"Halcones, serpientes, gatos salvajes",Pelaje,40km / h (24 mph),220g - 900g (7.7oz - 32oz),Mamífero,true,false,false
209,"Negro, Gris, Marrón",Menor preocupación,Omnívoro,Casuariidae,Dromaius,Prados abiertos con arbustos cerca del agua,Animalia,12 - 20 años,Rebaño,Casuariiformes,Chordata,"Humanos, Perros salvajes, Aves de rapiña",Plumas,40km / h (25 mph),18kg - 60kg (40lbs - 132lbs),Ave,true,false,false
217,"Negro, Gris, Marrón, Blanco, Amarillo",Amenazado,Carnívoro,Falconidae,Falco,Zonas altas como montañas y acantilados,Animalia,12 - 18 años,Solitario,Falconiformes,Chordata,"Humanos, Águilas, Búhos, Lobos",Plumas,322km / h (200mph),0.7kg - 1.2kg (1.5lbs - 2.6lbs),Ave,false,true,false
218,Arena blanca,Menor preocupación,Omnívoro,Canidae,Vulpes,Desierto de arena,Animalia,12 - 16 años,Solitario,Carnivora,Chordata,"Hiena, Águila, Humanos",Pelaje,40km / h (25 mph),1kg - 1.5kg (2.2lbs - 3lbs),Mamífero,false,true,false
219,"Marrón, Negro, Moreno, Gris",Amenazado,Carnívoro,Mustelidae,Mustela,Bosques y pastizales,Animalia,7 - 10 años,Solitario,Carnivora,Chordata,"Búhos, zorros, tejones",Pelaje,25km / h (15 mph),0.7kg - 2kg (1.5lbs - 4lbs),Mamífero,false,true,true
221,"Gris, negro, blanco, azul",En peligro de extinción,Carnívoro,Balaenopteridae,Balaenoptera,Aguas profundas en alta mar,Animalia,50 - 60 años,Manada,Cetacea,Chordata,"Humanos, grandes tiburones",Suave,40km / h (25 mph),"1,800kg - 70,000kg (4,000 libras - 150,000 libras)",Mamífero,true,false,false
223,"Negro, Verde, Gris, Marrón, Amarillo, Naranja, Rojo",Menor preocupación,Carnívoro,Bombinatoridae,Bombina,"Bosques, selva y pantanos",Animalia,10 - 15 años,Solitario,Anura,Chordata,"Zorros, serpientes, pájaros",Permeable,8km / h (5 mph),20g - 80g (0.7oz - 2.8oz),Anfibio,false,true,false
225,"Verde oliva, Negro",En peligro de extinción,Carnívoro,Felidae,Prionailurus,Variedad de hábitats de humedales,Animalia,10 - 12 años,Nocturno,Carnivora,Chordata,Humano,Pelaje,55kph (34 mph),5.5kg - 8kg (12lbs - 17.6lbs),Mamífero,true,false,false
226,"Rosa, naranja, azul, blanco",Menor preocupación,Omnívoro,Phoenicopteridae,Phoenicopterus,Grandes lagos y plantas menos lagunas,Animalia,15 - 30 años,Rebaño,Phoenicopteriformes,Chordata,"Humanos, Águilas, Perros salvajes",Plumas,50km / h (31 mph),"2kg - 4kg (4,4 libras - 8,8 libras)",Ave,false,true,false
230,"Negro, Marrón, Gris, Blanco, Tan",Menor preocupación,Omnívoro,Sciuridae,Pteromyini,Bosques y bosques,Animalia,5 - 8 años,Solitario,Rodentia,Chordata,"Gatos Coyote, Mapache",Pelaje,24 km / h (15 mph),56g - 175g (2oz - 6oz),Mamífero,false,true,true
231,"Rojo, Marrón, Negro",En peligro de extinción,Carnívoro,Eupleridae,Cryptoprocta,Bosque tropical denso,Animalia,15 - 20 años,Nocturno,Carnivora,Chordata,"Humano, cocodrilo",Pelaje,56kph (35 mph),7kg - 12kg (15lbs - 28.5lbs),Mamífero,false,true,false
232,"Marrón, Negro, Moreno, Rojo",Amenazado,Carnívoro,Canidae,Vulpini,Zonas forestales y parques urbanos,Animalia,3 - 11 años,Solitario,Carnivora,Chordata,"Humanos, Osos, Águilas",Pelaje,48km / h (29 mph),5kg - 11kg (11lbs - 24lbs),Mamífero,false,true,false
235,"Negro, Blanco, Marrón, Rojo",Menor preocupación,Carnívoro,Fregatidae,Fregata,Costas tropicales e islas,Animalia,15 - 25 años,Colonia,Pelecaniformes,Chordata,"Humanos, Ratas, Gatos",Plumas,15km / h (9 mph),0.9kg - 1.9kg (1.9lbs - 4.2lbs),Ave,false,true,false
236,"Negro, marrón, moreno, amarillo",Menor preocupación,Omnívoro,Agamidae,Chlamydosaurus,Bosques tropicales y bosques,Animalia,10 - 20 años,Solitario,Squamata,Chordata,"Serpientes, Búhos, Dingos",Escamas,48km / h (30 mph),0.5kg - 1kg (1.1lbs - 2.2lbs),Reptil,false,true,false
237,Multicolor,Amenazado,Omnívoro,Neobatrachian,"",Bosque lluvioso y pantano,Animalia,18 años,Solitario,Anura,Chordata,"Zorro, pájaros, serpientes",Escalas permeables,17km / h (10mph),2g - 3.000g (0.07oz - 128oz),Anfibio,false,true,false
238,"Marrón, Negro, Gris",Amenazado,Carnívoro,Otariidae,Arctocefalia,Agua fría y tierra rocosa,Animalia,12 - 18 años,Manada,Carnivora,Chordata,"Sello del leopardo, tiburones, orca",Pelaje,44km / h (27 mph),105kg - 300kg (230lbs - 661lbs),Mamífero,false,true,false
239,"Negro, Blanco, Gris",En peligro de extinción,Carnívoro,Spheniscidae,Spheniscus,Islas Rocosas del Océano,Animalia,15 - 20 años,Colonia,Sphenisciformes,Chordata,"Sello del leopardo, orca, tiburones",Plumas,"","2kg - 4kg (4,4 libras - 8,8 libras)",Ave,false,true,false
240,Marrón gris,En peligro de extinción,Herbívoro,Testudinidae,Geochelone,Tierras bajas y arbustivas volcánicas,Animalia,100-150 años,Solitario,Testudos,Chordata,"Humanos, Halcón, Perros salvajes",Escamas,"0,5 km / h (0,3 mph)",200-300kg (441-661lbs),Reptil,true,false,false
242,"Bronceado, Negro, Marrón, Blanco, Verde, Azul, Naranja, Amarillo",Amenazado,Carnívoro,Gekkonidae,Gekkoninae,Desiertos rocosos y regiones montañosas,Animalia,2-9 años,Solitario,Squamata,Chordata,"Serpiente, pájaros, arañas",Escamas,48km / h (30 mph),18g (0.5oz),Reptil,false,true,false
243,"Negro, Blanco, Gris, Naranja",Casi amenazado,Carnívoro,Spheniscidae,Pygoscelis,Islas Rocosas Antárticas,Animalia,15 - 20 años,Colonia,Sphenisciformes,Chordata,"Sello del leopardo, orca, tiburones",Plumas,"",4kg - 8kg (8.8lbs - 18lbs),Ave,false,true,false
244,"Gris, Negro, Blanco, Marrón",Menor preocupación,Omnívoro,Callitrichidae,Saguinus,Bosque tropical de tierras bajas,Animalia,8 - 15 años,Tropa,Primates,Chordata,"Halcones, serpientes, gatos salvajes",Pelaje,40km / h (24 mph),220g - 900g (7.7oz - 32oz),Mamífero,false,true,true
245,"Marrón, Gris, Blanco, Negro, Moreno",Menor preocupación,Omnívoro,Muridae,Gerbillinae,Desiertos secos,Animalia,3-5 años,Solitario,Rodentia,Cnidaria,"Pájaros, serpientes, gatos monteses",Pelaje,6km / h (4 mph),56.6113g (2-4oz),Mamífero,false,true,false
248,"Negro, Gris, Marrón",En peligro de extinción,Carnívoro,Gavialidae,Gavialis,Ríos profundos y rápidos,Animalia,20-30 años,Solitario,Crocodilia,Chordata,Humanos,Escamas,24 km / h (15 mph),150-680kg (330-1500lbs),Reptil,false,true,false
251,"Negro, Blanco, Marrón",Vulnerable,Omnívoro,Ursidae,Ailuropoda,Bosque de bambú húmedo de alta altitud,Animalia,20 - 35 años,Diurno / Nocturno,Carnivora,Chordata,"Humanos, Leopardos, Aves de Presa",Pelaje,32kph (20 mph),110kg - 250kg (242libras - 551lbs),Mamífero,false,true,false
253,"Negro, Marrón, Blanco, Gris, Amarillo",Amenazado,Omnívoro,Hylobatidae,Hylobates,Denso bosque y selva,Animalia,25-40 años,Tropa,Primates,Chordata,"Leopardos, serpientes, pájaros de presa",Cabello,56km / h (35 mph),6-9kg (13.2-19.8lbs),Mamífero,false,true,true
254,"Moreno, Marrón, Negro, Gris, Blanco",Amenazado,Carnívoro,Helodermatidae,Heloderma,"Shrubland, desierto y arbolado",Animalia,20-30 años,Solitario,Squamata,Chordata,"Humanos, Coyotes, Aves de Presa",Escamas,24 km / h (15 mph),1.3-2.2kg (3-5lbs),Reptil,false,true,true
255,"Blanco, Moreno, Rojo, Marrón, Negro",Menor preocupación,Herbívoro,Giraffidae,Giraffa,Bosque y sabana abiertos,Animalia,20 - 25 años,Diurno,Artiodactyla,Chordata,"Leones, leopardos, hienas",Cabello,48kph (30 mph),"550kg - 1,930kg (1,200lbs - 4,200lbs)",Mamífero,false,true,false
256,"Negro, Marrón, Moreno, Amarillo, Gris, Verde",Menor preocupación,Carnívoro,Anguidae,Ophisaurus,Regiones costeras de arena,Animalia,10 - 30 años,Solitario,Squamata,Chordata,"Pájaros, Mamíferos, Serpientes",Escamas,9.7km / h (6 mph),300g - 600g (11oz - 21oz),Reptil,false,true,false
258,"Marrón, Negro, Blanco, Tan",Menor preocupación,Herbívoro,Bovidae,Capra,Bosques secos y regiones montañosas,Animalia,10-15 años,Manada,Artiodactyla,Chordata,"Humanos, Lobo, León de Montaña",Pelaje,17km / h (10mph),54-77kg (120-170lbs),Mamífero,false,true,false
259,"Oro, naranja, negro, marrón",En peligro de extinción,Omnívoro,Callitrichidae,Leontopithecus,Bosque tropical de tierras bajas,Animalia,8-15 años,Tropa,Primates,Chordata,"Halcones, gatos salvajes, serpientes, ratas",Cabello,40km / h (24 mph),550-700g (19-25oz),Mamífero,false,true,true
260,"Amarillo, Negro, Verde, Marrón",Menor preocupación,Omnívoro,Oriolidae,Oriolus,Bosques y bosques abiertos,Animalia,8 - 12 años,Diurno,Passeriformes,Chordata,"Águilas, cigüeñas, rapaces",Plumas,42kph (26 mph),15g - 20g (0.5oz - 0.7oz),Ave,false,true,false
262,"Gris, Marrón, Negro, Blanco",Menor preocupación,Omnívoro,Anatidae,Anserini,"Grandes estanques, ríos y orillas de lago",Animalia,12 - 26 años,Rebaño,Anseriformes,Chordata,"Zorro, búho, mapache, perros salvajes",Plumas,90km / h (55 mph),1.5kg - 8kg (3.3lbs - 17lbs),Ave,false,true,true
264,Gris oscuro,Amenazado,Herbívoro,Hominidae,Gorila,Bosque lluvioso y selva densa,Animalia,35-50 años,Tropa,Primates,Chordata,"Humano, leopardo, cocodrilo",Cabello,40km / h (25 mph),100-200kg (220-440lbs),Mamífero,false,true,false
269,"Verde, Naranja, Azul, Marrón, Amarillo, Negro, Blanco",Menor preocupación,Omnívoro,Meropidae,Merops,Praderas y bosques abiertos,Animalia,12 - 18 años,Solitario,Coraciiformes,Chordata,"Águilas, cigüeñas, rapaces",Plumas,42km / h (26 mph),15g - 20g (0.5oz - 0.7oz),Ave,false,true,true
271,"Gris, Negro, Marrón, Blanco",Menor preocupación,Omnívoro,Cheirogaleidae,Microcebus,Arbolado tropical,Animalia,3 - 8 años,Solitario,Primates,Chordata,"Búhos, Serpientes, Fossa",Pelaje,32km / h (20 mph),58g - 67g (2oz - 2.4oz),Mamífero,false,true,false
273,Gris oscuro,Amenazado,Carnívoro,Phocidae,Halichoerus,Frescas aguas y costas rocosas,Animalia,18-25 años,Manada,Carnivora,Chordata,"Humanos, tiburones, orca",Suave,10km / h (6 mph),150-300kg (330-660lbs),Mamífero,false,true,false
275,"Marrón oscuro, Negro",En peligro de extinción,Omnívoro,Ursidae,Ursus,Bosques y regiones montañosas,Animalia,15 - 25 años,Solitario,Carnivora,Chordata,"Humanos, Pumas",Pelaje,56km / h (35 mph),160kg - 225kg (353libras - 500lbs),Mamífero,false,true,true
276,"Negro, Blanco, Marrón, Amarillo, Verde, Azul, Rojo",Menor preocupación,Omnívoro,Phasianidae,Tetraoninae,"Bosque, matorrales y llanuras de hierba",Animalia,1 - 10 años,Rebaño,Galliformes,Chordata,"Fox, Lynx, pájaros de presa",Plumas,10km / h (6 mph),0.3kg - 6.5kg (0.6lbs - 14lbs),Ave,false,true,false
277,"Negro, Blanco, Marrón, Rojo, Amarillo, Blanco, Gris",Menor preocupación,Omnívoro,Numididae,"","Bosque, desierto y pastizales",Animalia,10 - 20 años,Rebaño,Galliformes,Chordata,Mamíferos grandes y reptiles,Plumas,35km / h (22 mph),0.7kg - 1.6kg (1.5lbs - 3.5lbs),Ave,true,false,false
278,"Gris, Moreno, Marrón, Negro, Blanco, Naranja",Menor preocupación,Herbívoro,Caviidae,Cavia,Zonas de pastizales tropicales,Animalia,4-7 años,Solitario,Rodentia,Cnidaria,"Lobo, Serpiente, Coyote",Pelaje,9km / h (5.5mph),700-1.200g (1.5-2.5lbs),Mamífero,false,true,true
281,"Moreno, Marrón, Blanco, Negro",Menor preocupación,Omnívoro,Cricetidae,Mesocricetus,Desiertos secos y dunas de arena,Animalia,2-3 años,Solitario,Rodentia,Cnidaria,"Búho, halcón, serpientes",Pelaje,6km / h (4 mph),100-900g (3.5-32oz),Mamífero,false,true,false
282,"Moreno, Marrón, Blanco, Negro",Amenazado,Herbívoro,Leporidae,Lepus,Vegetación densa y campos abiertos,Animalia,2-8 años,Solitario,Lagomorpha,Chordata,"Búho, halcón, coyote",Pelaje,72km / h (45 mph),1-5.5kg (3-12lbs),Mamífero,false,true,false
285,"Moreno, Marrón, Gris",Menor preocupación,Omnívoro,Erinaceidae,Atelerix,Vegetación densa y bosques,Animalia,3-6 años,Solitario,Erinaceomorpha,Chordata,"Búho, Perro, Zorros",Zapatillas con clavos,19km / h (12 mph),1-2kg (2.2-4.4lbs),Mamífero,false,true,false
288,"Marrón, Negro, Blanco, Gris",Menor preocupación,Carnívoro,Ardeidae,"",Regiones de humedales,Animalia,15 - 20 años,Solitario,Ciconiiformes,Chordata,"Zorro, visón, mapache",Plumas,64km / h (40 mph),1.5kg - 3kg (3.3lbs - 6.6lbs),Ave,false,true,true
289,"Moreno, Marrón, Naranja",Menor preocupación,Herbívoro,Bovidae,Bos,Praderas montañosas y húmedas,Animalia,15-22 años,Manada,Artiodactyla,Chordata,"Humano, Lobo, Coyote",Cabello,40km / h (25 mph),400-1.000 kg (882-2.204 libras),Mamífero,true,false,false
291,"Gris, Marrón, Negro, Rosa",Vulnerable,Herbívoro,Hippopotamidae,Hipopótamo,"Lagos, ríos y humedales",Animalia,40 - 50 años,Nocturno,Artiodactyla,Chordata,"Leones, hienas, cocodrilos",Cuero,45kph (30 mph),"1tona - 4.5tonnes (2,200libras - 9,900lbs)",Mamífero,false,true,false
294,"Marrón, Blanco, Amarillo",Menor preocupación,Carnívoro,Leptodactylidae,Ceratophrys,Selva tropical y pantanos tropicales,Animalia,5-8 años,Solitario,Anura,Chordata,"Pájaros, serpientes, osos",Escalas permeables,8km / h (5 mph),"320-480g (11,2-17oz)",Anfibio,false,true,false
295,"Marrón, Blanco, Negro",Amenazado,Herbívoro,Equidos,Equus,Pequeños bosques y pastizales,Animalia,25-30 años,Manada,Perissodactyla,Chordata,"Humanos, Lobo, Osos",Cabello,64km / h (40 mph),"380-550kg (840-1,200lbs)",Mamífero,false,true,false
297,"Marrón, Moreno, Negro",Menor preocupación,Omnívoro,Atelidae,Alouatta,Bosque lluvioso y selva densa,Animalia,15-20 años,Tropa,Primates,Chordata,"Jaguar, Serpientes, Pájaros",Cabello,30km / h (18 mph),3-9kg (6.6-20lbs),Mamífero,false,true,false
298,"Marrón, Moreno, Negro, Blanco, Olivo",Menor preocupación,Omnívoro,Hominidae,Homo,En todo el mundo cerca de los ríos,Animalia,60-80 años,Grupo,Primates,Chordata,"Osos, León, Tigre",Suave,29km / h (18 mph),54-83kg (120-183lbs),Mamífero,false,true,false
299,"Negro, Blanco, Gris",Vulnerable,Carnívoro,Spheniscidae,Spheniscus,Islas Rocosas del Océano,Animalia,15 - 20 años,Colonia,Sphenisciformes,Chordata,"Sello del leopardo, orca, tiburones",Plumas,"","2kg - 5kg (4,4 libras - 11 libras)",Ave,true,false,false
300,"Verde, Marrón, Moreno, Rojo, Blanco, Gris",En peligro de extinción,Omnívoro,Trochilidae,Trochilinae,Selva tropical y selvas tropicales,Animalia,3 - 5 años,Solitario,Apodiformes,Chordata,"Halcones, serpientes, lagartos",Plumas,48km / h (30 mph),2.2g - 20g (0.07oz - 0.7oz),Ave,false,true,true
301,"Negro, blanco, gris",Menor preocupación,Omnívoro,Balaenopteridae,Megaptera,Océano abierto y regiones costeras,Animalia,50-60 años,Manada,Cetacea,Chordata,"Humano, orca",Suave,17km / h (11mph),36.000-99.800kg (40-100tons),Mamífero,false,true,true
302,"Marrón, Moreno, Negro",Amenazado,Carnívoro,Hyaenidae,Crocuta,Abrir sabana llanuras y pastizales,Animalia,20-25 años,Paquete,Carnivora,Chordata,"León, leopardo, cocodrilo",Pelaje,60km / h (37mph),41-86kg (90-190lbs),Mamífero,false,true,false
303,"Negro, Blanco, Gris, Marrón",Menor preocupación,Omnívoro,Threskiornithidae,"","Pantanos, humedales y pantanos",Animalia,8 - 15 años,Rebaño,Ciconiiformes,Chordata,"Halcón, halcones, garzas",Plumas,"",0.3kg - 2kg (0.6lbs - 4lbs),Ave,false,true,true
305,"Verde, Marrón, Amarillo",Amenazado,Omnívoro,Iguanidae,Iguana,Selva tropical de la llanura cerca del agua,Animalia,15-20 años,Solitario,Squamata,Chordata,"Halcón, águila, serpientes",Escamas,35km / h (21mph),4-8kg (8.8-17.6lbs),Reptil,false,true,true
306,"Moreno, Marrón, Blanco",Menor preocupación,Herbívoro,Bovidae,Aepyceros,Sabana boscosa y bosques densos,Animalia,12-15 años,Manada,Artiodactyla,Chordata,"Hiena, león, cocodrilo",Pelaje,48km / h (30 mph),37-75kg (81.6-165lbs),Mamífero,true,false,false
307,"Gris, Marrón, Negro",En peligro de extinción,Herbívoro,Elefantidae,Elephas,Selva tropical y bosque tropical,Animalia,55 - 70 años,Manada,Proboscidea,Chordata,"Humano, tigre",Cuero,43km / h (27 mph),"3.000kg - 5.000kg (6,500lbs - 11,000lbs)",Mamífero,false,true,false
308,"Bronceado, marrón, amarillo",Menor preocupación,Omnívoro,Sciuridae,Funambulus,Bosque espeso y selvas tropicales,Animalia,2-4 años,Solitario,Rodentia,Chordata,"Humanos, serpientes, gatos monteses",Pelaje,17km / h (10mph),"100-120 g (3,5-4,2 oz)",Mamífero,false,true,true
309,"Marrón, Gris, Negro",En peligro de extinción,Herbívoro,Rhinocerotidae,Rinoceronte,"Arbustos tropicales, pastizales y sabanas",Animalia,45-50 años,Solitario,Perissodactyla,Chordata,"Humanos, Gatos salvajes",Cuero,42km / h (30 mph),"2.200kg - 3.000kg (4,900lbs - 6,600lbs)",Mamífero,false,true,false
470,"Verde, Negro, Marrón, Moreno",Amenazado,Carnívoro,Lacertidae,Lacerta,Hierba y brezo,Animalia,5 - 8 años,Solitario,Squamata,Chordata,"Pájaros, Gatos, Zorros",Escamas,48km / h (30 mph),10g - 15g (0.35oz - 0.5oz),Reptil,false,true,true
310,"Verde, negro, marrón, moreno, amarillo",Amenazado,Herbívoro,Testudinidae,Geochelone,Bosque de frote seco,Animalia,30 - 80 años,Solitario,Testudos,Chordata,"Pájaros, Reptiles, Humanos",Escamas,"0,5 km / h (0,3 mph)",1.3kg - 2.2kg (3lbs - 4.9lbs),Reptil,false,true,true
311,"Naranja, Negro, Blanco",En peligro de extinción,Carnívoro,Felidae,Panthera,Bosques montañosos aislados,Animalia,18 - 25 años,Solitario,Carnivora,Chordata,Humano,Pelaje,96km / h (60mph),100kg - 195kg (221lib - 430lbs),Mamífero,false,true,false
312,"Gris, Negro, Marrón, Blanco",En peligro de extinción,Herbívoro,Indriidae,Indri,Selva baja,Animalia,15 - 22 años,Diurno,Primates,Chordata,"Fosa, halcones, serpientes",Pelaje,32kph (20 mph),6kg - 9.5kg (13lbs - 21lbs),Mamífero,false,true,false
317,"Moreno, Marrón, Gris, Blanco",Menor preocupación,Carnívoro,Canidae,del perro,Llanuras de césped y bosque seco,Animalia,8-15 años,Paquete,Carnivora,Chordata,"Hiena, leopardo, águilas",Pelaje,32 km / h (20 mph),6.8-11kg (15-24lbs),Mamífero,false,true,false
318,"Bronceado, Amarillo, Marrón, Blanco, Negro",Amenazado,Carnívoro,Felidae,Panthera,"Bosque lluvioso, pantanos y llanuras de inundación",Animalia,12 - 15 años,Crepuscular,Carnivora,Chordata,Humano,Pelaje,80kph (50 mph),36kg - 160kg (79libras - 350lbs),Mamífero,false,true,false
320,Marrón gris,Amenazado,Omnívoro,Cercopithecidae,Macaca,Bosque tropical y montañas,Animalia,25 - 32 años,Diurno,Primates,Chordata,"Humano, lobo, perro feroz",Pelaje,"",5kg - 14kg (11lbs - 31lbs),Mamífero,false,true,false
321,"Marrón, Gris, Negro",En peligro crítico,Herbívoro,Rhinocerotidae,Rinoceronte,"Bushland tropical, pastizales y selva tropical",Animalia,30-45 años,Solitario,Perissodactyla,Chordata,"Humanos, Gatos salvajes",Cuero,42km / h (30 mph),"900kg - 2,300kg (2,000lbs - 5,100lbs)",Mamífero,false,true,true
324,Verde marrón,En peligro de extinción,Herbívoro,Nestoridae,Strigops,Áreas de vegetación natural y selva densa,Animalia,50-65 años,Solitario,Psittaciformes,Chordata,"Humanos, Gatos, Armas",Plumas,"",2-4kg (4.5-9lbs),Ave,false,true,true
325,"Moreno, Marrón, Gris",Amenazado,Omnívoro,Macropodidae,Macropus,"Bosques secos, desiertos y pastizales",Animalia,4-10 años,Sociable,Diprotodontia,Chordata,"Humano, dingo",Pelaje,55km / h (35 mph),18-95kg (40-200lbs),Mamífero,true,false,false
326,"Rojo, Verde, Amarillo, Naranja, Negro",Menor preocupación,Omnívoro,Ramphastidae,Ramphastos,Selva tropical de tierras bajas y fronteras de bosques tropicales,Animalia,15 - 20 años,Sociable,Piciformes,Chordata,"Humanos, Comadrejas, Aves Grandes",Plumas,64km / h (39mph),2.1kg - 4kg (4.7lbs - 8.8lbs),Ave,false,true,true
327,"Negro, Blanco",En peligro de extinción,Carnívoro,Delphinidae,Orcinus,Océano y aguas costeras en todo el mundo,Animalia,50-60 años,Vaina,Cetacea,Chordata,"Humanos, tiburones grandes",Suave,45km / h (30 mph),"6,804-8,618kg (15,000-19,000lbs)",Mamífero,false,true,true
329,"Negro, blanco, gris, amarillo",Menor preocupación,Carnívoro,Spheniscidae,Aptenoditas,Islas Rocosas Antárticas,Animalia,15 - 20 años,Colonia,Sphenisciformes,Chordata,"Sello del leopardo, orca, tiburones",Plumas,"",11kg - 16kg (24lbs - 35lbs),Ave,false,true,true
330,"Rojo, Verde, Amarillo, Naranja, Negro, Azul, Marrón",Amenazado,Omnívoro,Alcedines,"",Zonas de agua dulce de las tierras bajas y estuarios de los ríos,Animalia,6 - 10 años,Solitario,Coraciiformes,Chordata,"Zorros, serpientes, mapaches",Plumas,40km / h (25 mph),10g - 170g (0.4oz - 6oz),Ave,false,true,false
331,"Marrón, Gris, Blanco",Amenazado,Omnívoro,Apterygidae,Ápterix,Bosques y bosques densos,Animalia,8 - 12 años,Solitario,Struthioniformes,Chordata,"Zorros, perros, gatos",Plumas,19km / h (12 mph),1.3kg - 3.3kg (2.6lbs - 7.3lbs),Ave,false,true,false
332,"Gris, Gris-Marrón, Blanco, Negro",Menor preocupación,Herbívoro,Phascolarctidae,Phascolarctos,"Eucaliptos, bosques interiores y costeros",Animalia,15 - 20 años,Nocturno,Diprotodontia,Chordata,"Aves de rapiña, Dingo, Humanos",Pelaje,10kph (2 mph),4kg - 15kg (8.8lbs - 33lbs),Mamífero,true,false,false
333,"Gris, Marrón, Nata, Gris",Vulnerable,Carnívoro,Varanidae,Varanus,Abrir bosques y laderas,Animalia,25 - 40 años,Diurno,Squamata,Chordata,Humanos,Escamas,18kph (11mph),70kg - 150kg (150lbs - 300lbs),Reptil,false,true,false
334,"Marrón, Gris, Rojo",Menor preocupación,Herbívoro,Bovidae,Tragelaphus,Arbustos y llanuras de sabana,Animalia,8-14 años,Manada,Artiodactyla,Chordata,"Leones, leopardos, perros salvajes",Cabello,95km / h (60mph),120-256kg (265-565lbs),Mamífero,false,true,false
338,"Verde, Negro, Marrón, Moreno",Amenazado,Carnívoro,Gekkonidae,Uroplatus,Densa selva tropical,Animalia,2 - 9 años,Solitario,Squamata,Chordata,"Búhos, Ratas, Serpientes",Escamas,48km / h (30 mph),10g - 30g (0.35oz - 1oz),Reptil,false,true,false
339,"Gris, Marrón, Blanco",Amenazado,Herbívoro,Cricetidae,Lemmus,Tundra ártica y áreas boscosas,Animalia,1-3 años,Solitario,Rodentia,Chordata,"Búhos, zorros, lobos",Pelaje,5km / h (3 mph),"30-112 g (1,1 - 4oz)",Mamífero,false,true,false
340,"Gris, Marrón, Blanco, Negro",Menor preocupación,Omnívoro,Lemuridae,"",Bosque seco y selva tropical,Animalia,10-14 años,Grupo,Primates,Chordata,"Halcón, Fossa, Perros salvajes",Pelaje,20km / h (12mph),0.03-10kg (0.06-22lbs),Mamífero,false,true,false
341,"Amarillo, dorado, negro, marrón oscuro",Casi amenazado,Carnívoro,Felidae,Panthera,"Selva, pastizales y regiones montañosas",Animalia,10 - 15 años,Nocturno,Carnivora,Chordata,"Tigre, leones, seres humanos",Pelaje,45kph (30 mph),30kg - 90kg (66libras - 198lbs),Mamífero,false,true,false
342,"Gris, Negro, Blanco, Amarillo",Menor preocupación,Carnívoro,Felidae,Prionailurus,Bosques tropicales,Animalia,10 - 13 años,Solitario,Carnivora,Chordata,"Leopardo, tigre, perro salvaje",Pelaje,72.4km / h (45mph),2.2kg - 7.5kg (4.9 libras - 17 libras),Mamífero,false,true,true
343,Gris negro,Amenazado,Carnívoro,Phocidae,Hydrurga,Las aguas frías del hemisferio sur,Animalia,20-24 años,Manada,Carnivora,Chordata,"Humanos, tiburones, orca",Pelaje,29km / h (18 mph),"200-591 kg (440-1,300 libras)",Mamífero,true,false,false
344,"Negro, Marrón, Moreno, Amarillo, Gris",Amenazado,Herbívoro,Testudinidae,Geochelone,Pradera y sabana,Animalia,50 - 100 años,Solitario,Testudos,Chordata,"Gatos, Perros, Humanos",Escamas,"0,5 km / h (0,3 mph)",18kg - 54kg (40lbs - 120lbs),Reptil,true,false,false
345,"Moreno, Negro, Marrón, Naranja",No enlistado,Carnívoro,Felidae,Panthera,No ocurren en el mundo natural,Animalia,18 - 22 años,Diurno / Nocturno,Carnivora,Chordata,Humano,Pelaje,80kph (50 mph),400kg - 600kg (882libras - 1.322lbs),Mamífero,false,true,false
346,"Tawny, Oro, Rubia, Marrón",Vulnerable,Carnívoro,Felidae,Panthera,"Bosques abiertos, matorral, pastizales",Animalia,8 - 15 años,Diurno / Nocturno,Carnivora,Chordata,Humano,Pelaje,56kph (35 mph),120kg - 249kg (264libras - 550lbs),Mamífero,false,true,false
348,"Negro, blanco, gris, azul,",Menor preocupación,Carnívoro,Spheniscidae,Eudyptula,Islas Rocosas Antárticas,Animalia,10 - 20 años,Colonia,Sphenisciformes,Chordata,"Sello del leopardo, orca, tiburones",Plumas,"",1kg - 3kg (2.2lbs - 6.6lbs),Ave,false,true,false
349,"Bronceado, Marrón, Amarillo, Verde, Negro",Amenazado,Omivore,Lacertidae,"",Bosques y desiertos calientes en todo el mundo,Animalia,1-30 años,Solitario,Squamata,Chordata,"Humanos, Pájaros, Serpientes",Escamas,24 km / h (15 mph),"0,01-300 kg (0,02-661 libras)",Reptil,false,true,true
350,"Moreno, Marrón, Blanco, Negro",Menor preocupación,Herbívoro,Camelidae,Lama,Desiertos y pastizales montañosos,Animalia,15-20 años,Manada,Artiodactyla,Chordata,"Humanos, Puma, Coyote",Pelaje,45km / h (28 mph),130-204 kg (280-450 libras),Mamífero,false,true,false
352,"Marrón, Amarillo, Negro, Moreno",Menor preocupación,Carnívoro,Casuariidae,Casuarius,Bosques de coníferas,Animalia,40 - 60 años,Solitario,Casuariiformes,Chordata,"Águilas, escuchas, zorros",Plumas,50km / h (31 mph),100g - 300g (3.5oz - 10.5oz),Ave,false,true,true
353,"Moreno, Amarillo, Marrón, Negro",Menor preocupación,Carnívoro,Felidae,Lince,Bosques aislados y regiones montañosas,Animalia,12-20 años,Solitario,Carnivora,Chordata,"Lobo, Coyote, Humanos, Puma",Pelaje,80km / h (50 mph),10-25kg (22-55lbs),Mamífero,false,true,false
354,"Negro, Blanco, Marrón, Amarillo",Amenazado,Carnívoro,Spheniscidae,Eudyptes,Mar e islas de hielo en Sub-Antártida,Animalia,15-20 años,Colonia,Sphenisciformes,Chordata,"Sello del leopardo, orca",Plumas,35km / h (22 mph),3.2-6.4kg (7-14lbs),Ave,false,true,true
355,"Rojo, azul, amarillo, verde, blanco",En peligro de extinción,Omnívoro,Psitácidos,Arini,Selvas tropicales y selva tropical,Animalia,50 - 60 años,Rebaño,Psittaciformes,Chordata,"Humanos, Monos, Pájaros Grandes",Plumas,24 km / h (15 mph),0.9kg - 2kg (2lbs - 4.4lbs),Ave,false,true,false
356,"Gris, Negro, Blanco, Marrón",En peligro de extinción,Carnívoro,Spheniscidae,Spheniscus,Islas antárticas,Animalia,15 - 20 años,Rebaño,Sphenisciformes,Chordata,"León marino, sello del leopardo, orca",Plumas,35km / h (22 mph),2.7kg - 6.5kg (5.9lbs - 14lbs),Ave,false,true,true
357,"Negro, Blanco",Amenazado,Omnívoro,Corvidae,Pica,"Abrir bosques, praderas y sabanas",Animalia,8 - 15 años,Solitario,Passeriformes,Chordata,"Zorros, gatos, coyote",Plumas,32km / h (20 mph),200g - 250g (7oz - 9oz),Ave,false,true,false
359,"Negro, Blanco, Gris, Amarillo, Marrón, Tan",Vulnerable,Carnívoro,Viverridae,Viverra,Bosque tropical,Animalia,15 - 20 años,Solitario,Carnivora,Chordata,"Tigre, serpientes, leopardos",Pelaje,"",1.4kg - 4.5kg (3lbs - 10lbs),Mamífero,false,true,false
360,"Naranja, Negro, Blanco",En peligro de extinción,Carnívoro,Felidae,Panthera,Bosque tropical denso,Animalia,18 - 25 años,Solitario,Carnivora,Chordata,Humano,Pelaje,96km / h (60mph),80kg - 150kg (176libras - 330lbs),Mamífero,true,false,false
362,Gris marrón,En peligro de extinción,Herbívoro,Trichechidae,Trichechus,Las aguas costeras cálidas y los ríos lentos,Animalia,50-70 años,Solitario,Sirenia,Chordata,"Humanos, tiburones",Suave,22km / h (13 mph),"400-550 kg (800-1,212 libras)",Mamífero,false,true,false
363,"Negro, Marrón, Gris, Blanco, Tan",Amenazado,Omnívoro,Cercopithecidae,Mandril,Bosques tropicales densos y costeros,Animalia,20-28 años,Tropa,Primates,Chordata,"Leopardo, águilas, serpientes",Pelaje,40km / h (25 mph),11.5-30kg (25-60lbs),Mamífero,false,true,false
365,"Negro, Verde, Gris, Marrón, Moreno",Menor preocupación,Carnívoro,Bufonidae,Bufo,Bosques y campos cercanos al agua,Animalia,10 - 15 años,Solitario,Anura,Chordata,"Perros, Serpientes, Pájaros",Permeable,8km / h (5 mph),200g - 800g (7oz - 28oz),Anfibio,false,true,false
366,"Gris, Negro, Blanco, Marrón, Moreno",En peligro de extinción,Herbívoro,Bovidae,Capra,Acantilados desnivelados,Animalia,10 - 13 años,Manada,Artiodactyla,Chordata,"Lobos, leopardo de las nieves, lince",Cabello,17km / h (10mph),32kg - 110kg (71lbs - 240lbs),Mamífero,true,false,false
367,"Marrón, Negro, Verde, Amarillo, Blanco",Menor preocupación,Carnívoro,Ranidae,Pelophylax,"Estanques, lagos y ríos",Animalia,5 - 10 años,Solitario,Anura,Chordata,"Peces, Sapos, Pájaros",Permeable,8km / h (5 mph),12g - 15g (0.4 oz - 0.5oz),Anfibio,false,true,false
368,"Negro, Blanco, Gris, Amarillo, Marrón, Tan",Vulnerable,Carnívoro,Viverridae,Paguma,Bosque tropical,Animalia,15 - 20 años,Solitario,Carnivora,Chordata,"Leones, serpientes, leopardos",Pelaje,"",1.4kg - 4.5kg (3lbs - 10lbs),Mamífero,true,false,false
371,"Marrón claro, Moreno, Amarillo, Blanco, Marrón, Negro",Menor preocupación,Carnívoro,Herpestidae,Suricata,Semi-desierto y matorrales,Animalia,10 - 14 años,Diurno,Carnivora,Chordata,"Halcones, Chacal, Serpientes",Pelaje,32kph (20 mph),600g - 975g (1.3 libras - 2.1 libras),Mamífero,false,true,false
373,"Negro, Marrón, Gris, Blanco",Amenazado,Carnívoro,Balaenopteridae,Balaenoptera,Superficie del mar en aguas templadas,Animalia,30-50 años,Manada,Cetacea,Chordata,"Humanos, tiburones, orcas",Suave,21km / h (13mph),"4,536-12,700 kg (5-14tons)",Mamífero,false,true,true
374,"Marrón, Gris, Negro, Blanco",Amenazado,Omnívoro,Talpidae,"","Bosques, pastizales y tierras de cultivo",Animalia,3-6 años,Solitario,Soricomorpha,Chordata,"Gatos, Búhos, Zorros",Pelaje,6km / h (4 mph),"250-550 g (8,8-19,4 oz)",Mamífero,false,true,false
376,"Moreno, Marrón, Gris",En peligro de extinción,Omnívoro,Herpestidae,"",Bosques abiertos y llanuras de césped,Animalia,10-15 años,Pandilla,Carnivora,Chordata,"Halcones, serpientes, chacal",Pelaje,32km / h (20 mph),0.3-4kg (0.7-8.8lbs),Mamífero,false,true,false
377,"Moreno, Marrón, Gris, Verde",Amenazado,Omnívoro,Varanidae,Varanus,Riberas y bosques costeros,Animalia,8-30 años,Solitario,Squamata,Chordata,"Humanos, serpientes, gatos monteses",Escamas,45km / h (28 mph),1-166kg (2.2-366lbs),Reptil,false,true,false
378,"Bronceado, Marrón, Gris, Negro, Blanco, Amarillo",Menor preocupación,Omnívoro,Cebidae,"","Bosques tropicales, praderas y llanuras montañosas",Animalia,10-30 años,Tropa,Primates,Chordata,"Pájaros, serpientes, gatos monteses",Cabello,56km / h (35 mph),0.1-30kg (0.22-60lbs),Mamífero,false,true,true
379,"Negro, Amarillo, Marrón, Blanco",En peligro crítico,Carnívoro,Leptodactylidae,Eleutherodactylus,Agua alrededor del monte Iberia,Animalia,13 años,Solitario,Anura,Chordata,"Peces, Sapos, Pájaros",Permeable,8km / h (5 mph),1.5g - 2g (0.05oz - 0.07oz),Anfibio,false,true,false
380,"Negro, Blanco, Marrón",Menor preocupación,Omnívoro,Rallidae,Gallinula,"Pantanos, humedales y estanques",Animalia,13 años,Rebaño,Gruiformes,Chordata,"Zorros, perros, mapaches",Plumas,35km / h (22 mph),70g - 400g (2.5oz - 14oz),Ave,false,true,false
381,"Moreno, Marrón, Gris",Menor preocupación,Herbívoro,Cervidae,Alces,Zonas forestales cercanas a la tundra ártica,Animalia,10-16 años,Manada,Artiodactyla,Chordata,"Humanos, Oso, Lobos",Cabello,32km / h (20 mph),"270-720 kg (600-1,580 libras)",Mamífero,false,true,false
384,"Negro, Marrón, Gris",En peligro de extinción,Omnívoro,Hominidae,Gorila,Bosques tropicales y selvas en regiones montañosas,Animalia,35-50 años,Social,Primates,Chordata,"Humano, leopardo",Cabello,40km / h (25 mph),204-227kg (450-500lbs),Mamífero,false,true,false
385,"Moreno, Negro, Marrón",Menor preocupación,Carnívoro,Felidae,Puma,Bosques y regiones montañosas,Animalia,10-20 años,Solitario,Carnivora,Chordata,"Humanos, Grizzly Bear",Pelaje,45km / h (30 mph),29-90kg (64-198lbs),Mamífero,false,true,true
386,"Negro, Marrón, Gris",Menor preocupación,Herbívoro,Muridae,Mus,Campos abiertos y zonas boscosas,Animalia,2-5 años,Solitario,Rodentia,Chordata,"Pájaro, gato, zorro, reptiles",Pelaje,12.8km / h (8mph),"100-200g (0,2-0,4 libras)",Mamífero,false,true,false
387,"Gris, Marrón, Negro",Menor preocupación,Herbívoro,Equidos,Equus,Bosques áridos y desiertos,Animalia,15-20 años,Manada,Perissodactyla,Chordata,"Zorro, lobo, león",Pelaje,24 km / h (15 mph),350-450kg (771-992lbs),Mamífero,false,true,false
388,"Marrón, Moreno, Negro, Blanco, Olivo",Extinto,Omnívoro,Hominidae,Homo,En todo el mundo cerca de los ríos,Animalia,35-50 años,Grupo,Primates,Chordata,"Osos, León, Tigre",Suave,8km / h (5 mph),60-70 kg (132-154 libras),Mamífero,false,true,true
392,"Marrón, Moreno",Menor preocupación,Omnívoro,Muscicapidae,Luscinia,Bosques abiertos y matorrales,Animalia,13 años,Solitario,Passeriformes,Chordata,"Ratas, gatos, lagartos",Plumas,29km / h (18 mph),15g - 22g (0.5oz - 0.7oz),Ave,false,true,false
395,"Negro, Marrón, Gris, Blanco, Moreno, Rojo",En peligro de extinción,Omnívoro,Myrmecobiidae,Myrmecobius,Eucaliptos y praderas,Animalia,4-8 años,Sociable,Dasyuromorphia,Chordata,"Serpientes, zorros, aves rapaces",Pelaje,24 km / h (15 mph),"280-550 g (9,9-19oz)",Mamífero,false,true,false
397,"Bronceado, Amarillo, Rojo, Gris, Negro",Menor preocupación,Carnívoro,Felidae,Leopardus,"Selva tropical, pastizales y pantanos",Animalia,8 - 12 años,Nocturno / Crepuscular,Carnivora,Chordata,"Jaguar, Puma, águila arpía",Pelaje,61kph (38 mph),11.5kg - 16kg (25lbs - 35lbs),Mamífero,false,true,false
399,"Rojo, Marrón, Negro, Blanco",Casi amenazado,Herbívoro,Giraffidae,Okapia,Densa montaña de selva tropical,Animalia,20 - 30 años,Diurno,Artiodactyla,Chordata,"Leopardo, Serval, Humanos",Pelaje,60kph (37mph,200kg - 300kg (440lbs - 660lbs),Mamífero,false,true,false
401,"Rosa, blanco, melocotón",Amenazado,Carnívoro,Proteidae,Proteo,Cuevas acuáticas subterráneas,Animalia,10 - 50 años,Solitario,Caudata,Chordata,"Peces, Sapos, Pájaros",Permeable,8km / h (5 mph),2g - 150g (0.07oz - 5.3oz),Anfibio,false,true,false
402,"Negro, Marrón, Blanco, Gris",Menor preocupación,Omnívoro,Didelphidae,Didelphis,Bosques y tierras de cultivo cerca del agua,Animalia,2-7 años,Solitario,Didelphimorphia,Chordata,"Zorro, gato, aves rapaces",Pelaje,25km / h (15 mph),0.5-6kg (1.1-13lbs),Mamífero,false,true,true
403,"Rojo, Naranja, Gris, Marrón, Negro",En peligro crítico,Omnívoro,Hominidae,Pongo,Bosque tropical de tierras bajas,Animalia,30 - 40 años,Diurno,Primates,Chordata,"Humanos, Tigre, Leopardo nublado",Cabello,6kph (2.7mph),30kg - 90kg (66lbs - 200lbs),Mamífero,false,true,false
404,"Marrón, Negro, Gris, Blanco, Rosa",Menor preocupación,Omnívoro,Struthionidae,Struthio,Áreas de desierto y sabana,Animalia,50 - 70 años,Manada,Struthioniformes,Chordata,"Hiena, león, guepardo",Plumas,74km / h (42 mph),63kg - 130kg (140lbs - 290lbs),Ave,false,true,true
405,"Marrón, Moreno, Blanco",Amenazado,Carnívoro,Mustelidae,Lutra,"Riberas, lagos y arroyos",Animalia,15-25 años,Solitario,Carnivora,Chordata,"Pájaros, Zorro, Lobos",Pelaje,11km / h (7 mph),5-15kg (10-30 libras),Mamífero,false,true,false
407,"Negro, Marrón, Gris, Rojo",Amenazado,Herbívoro,Macropodidae,Thylogale,Densa selva tropical y matorrales,Animalia,4-8 años,Solitario,Diprotodontia,Chordata,"Zorros, Perros, Dingos",Pelaje,55km / h (34 mph),3.5-12kg (7.7-26lbs),Mamífero,false,true,true
408,"Marrón oscuro, Negro",Amenazado,Carnívoro,Felidae,Panthera,"Bosques, pantanos y pastizales",Animalia,12 - 15 años,Nocturno,Carnivora,Chordata,"Humanos, León, Hiena",Pelaje,114kph (71mph),36kg - 160kg (79libras - 350lbs),Mamífero,false,true,false
409,"Rojo, azul, amarillo, verde, blanco",En peligro de extinción,Omnívoro,Psitácidos,"",Selvas tropicales y selva tropical,Animalia,40 - 80 años,Solitario,Psittaciformes,Chordata,"Humanos, Monos, Pájaros Grandes",Plumas,24 km / h (15 mph),10g - 4.000g (0.02 libras - 5.9 libras),Ave,false,true,true
410,"Rojo, Marrón, Blanco, Gris, Negro",Menor preocupación,Omnívoro,Cercopithecidae,Erythrocebus,Sabana y bosque abierto,Animalia,12 - 20 años,Diurno,Primates,Chordata,"Leopardo, hiena, león",Cabello,55kph (35 mph),4kg - 13kg (8.8lbs - 28.6lbs),Mamífero,false,true,false
411,"Marrón, Azul, Verde, Gris",Menor preocupación,Omnívoro,Phasianidae,Pavo,Áreas de desierto y sabana,Animalia,12 - 20 años,Solitario,Galliformes,Chordata,"Perros, Mapache, Tigre, Gatos salvajes",Plumas,16km / h (10mph),2.7kg - 6kg (6lbs - 13.2lbs),Ave,false,true,false
413,"Negro, Blanco, Gris",Menor preocupación,Omnívoro,Pelecanidae,Pelecanus,Islas áridas y aguas costeras,Animalia,16 - 23 años,Rebaño,Pelecaniformes,Chordata,"Humano, Gato, Coyote",Plumas,65km / h (40 mph),2.7kg - 15kg (6lbs - 33lbs),Ave,false,true,false
414,"Negro, blanco, gris, amarillo",Amenazado,Omnívoro,Spheniscidae,"",Mares fríos y tierra rocosa,Animalia,20 - 30 años,Grupo,Sphenisciformes,Chordata,"Sellos del leopardo, tiburones, orca",Plumas,65km / h (40 mph),1kg - 35kg (2.2lbs - 75lbs),Ave,false,true,false
416,"Marrón, Negro, Moreno, Amarillo, Naranja, Rojo, Verde",Menor preocupación,Omnívoro,Phasianidae,Phasianus,"Praderas, campos y humedales",Animalia,7 - 10 años,Solitario,Galliformes,Chordata,"Fox, Perro, Humanos",Plumas,30km / h (18 mph),0.9kg - 1.5kg (1.9lbs - 3.3lbs),Ave,false,true,true
417,"Negro, blanco, marrón, moreno, rojo",En peligro de extinción,Omnívoro,Callitrichidae,Saguinus,Bosque tropical de tierras bajas,Animalia,8 - 15 años,Tropa,Primates,Chordata,"Halcones, serpientes, gatos salvajes",Pelaje,40km / h (24 mph),220g - 900g (7.7oz - 32oz),Mamífero,true,false,false
418,"Gris, Rosa, Negro, Marrón, Blanco",Menor preocupación,Omnívoro,Suidae,Sus,Bosques y pastizales,Animalia,8-15 años,Manada,Artiodactyla,Chordata,"Humanos, Lobo, Serpientes",Cabello,17km / h (11mph),30-350kg (66-770lbs),Mamífero,false,true,false
419,"Negro, Marrón, Gris, Blanco, Tan",Menor preocupación,Herbívoro,Ochotonidae,Ochotona,Áreas montañosas,Animalia,3-6 años,Solitario,Lagomorpha,Chordata,"Comadreja, águila, perros",Pelaje,24 km / h (15 mph),"75-290g (2,6-10oz)",Mamífero,false,true,true
421,Rosa pálido,Amenazado,Omnívoro,Dasypodidae,Chlamyphorus,Praderas secas y llanuras arenosas,Animalia,5 - 10 años,Solitario,Cingulata,Chordata,Perros domésticos,Concha dura, Desconocido,"120 g (4,2 oz)",Mamífero,false,true,false
423,"Marrón, Gris, Negro",Menor preocupación,Omnívoro,Ornithorhynchidae,Ornithorhynchus,"Arroyos, ríos y lagos de agua dulce",Animalia,15-20 años,Solitario,Monotremata,Chordata,"Fox, serpientes, cocodrilo",Pelaje,35km / h (22 mph),0.7-2.4kg (1.5-5.3lbs),Mamífero,false,true,false
425,"Verde, rojo, azul, amarillo, naranja",Amenazado,Carnívoro,Dendrobatidae,"",Selva tropical y bosques húmedos,Animalia,2-4 años,Solitario,Anura,Chordata,Serpiente,Permeable,17km / h (10mph),2-7g (0.07-0.25oz),Anfibio,false,true,true
426,"Claro, blanco, amarillo",Vulnerable,Carnívoro,Ursidae,Ursus,Campos de hielo costeros y hielo flotante,Animalia,20 - 30 años,Diurno,Carnivora,Chordata,Humanos,Pelaje,40kph (25 mph),150kg - 600kg (330lbs - 1.322lbs),Mamífero,false,true,false
429,"Marrón, Verde, Negro, Amarillo",Menor preocupación,Carnívoro,Ranidae,Pelophylax,Estanques de bosque,Animalia,16 años,Solitario,Anura,Chordata,"Zorros, gatos, pájaros",Permeable,8km / h (5 mph),20g - 80g (0.7oz - 2.8oz),Anfibio,false,true,true
430,"Marrón, Gris, Negro, Amarillo",Menor preocupación,Omnívoro,Erethizontidae,Erethizon,Bosques densos y pastizales,Animalia,8-12 años,Solitario,Rodentia,Chordata,"Búho, águilas, lobos",Zapatillas con clavos,3 km / h (2 mph),5.4-16kg (12-35lbs),Mamífero,false,true,true
431,"Moreno, Negro, Marrón, Blanco, Gris",Menor preocupación,Omnívoro,Phalangeriformes,Phalangeridae,Bushland y selva tropical,Animalia,5-8 años,Solitario,Diprotodontia,Chordata,"Zorro, gato, aves rapaces",Pelaje,25km / h (15 mph),0.1-14.5kg (0.22-32lbs),Mamífero,false,true,false
433,"Naranja, moreno, rojo, marrón, blanco, gris",En peligro de extinción,Omnívoro,Cercopithecidae,Nasalis,Manglares costeros y bosques ribereños,Animalia,15 - 20 años,Diurno,Primates,Chordata,"Leopardo nublado, cocodrilo, humano",Pelaje,24kph (15 mph),7kg - 22kg (15lbs - 48lbs),Mamífero,false,true,false
435,"Negro, Blanco, Gris",Menor preocupación,Carnívoro,Alcidae,Fratercula,Mar y regiones costeras,Animalia,15 - 30 años,Diurno,Charadriiformes,Chordata,"Gaviotas, Skuas, Zorros",Plumas,88kph (55 mph),368.5g - 481.9g (13oz - 17oz),Ave,true,false,false
437,"Marrón, Rojo, Amarillo, Gris",Menor preocupación,Carnívoro,Felidae,Puma,Bosque de montaña y selva,Animalia,10 - 15 años,Crepuscular,Carnivora,Chordata,"Osos, Lobos, Puma",Pelaje,45kph (30 mph),67kg - 105kg (148libras - 231.5lbs),Mamífero,false,true,false
440,"Gris claro, gris oscuro, rosa",En peligro de extinción,Herbívoro,Hippopotamidae,Hipopótamo,Bosque tropical lluvioso,Animalia,30 - 40 años,Nocturno,Artiodactyla,Chordata,"Leopardos, pitones, cocodrilos",Cuero,30kph (18.6mph),160kg - 270kg (350lbs - 600lbs),Mamífero,true,false,false
441,"Marrón, Moreno, Gris, Negro, Blanco",Amenazado,Omnívoro,Callitrichidae,Cebuella,Las afueras de la selva tropical,Animalia,8-12 años,Tropa,Primates,Chordata,"Pájaros, serpientes, gatos monteses",Pelaje,40km / h (24 mph),"120-140 g (4,2-4,9 oz)",Mamífero,false,true,false
442,"Marrón, Negro, Blanco, Azul",Menor preocupación,Omnívoro,Phasianidae,Coturnix,Bosques y áreas forestales,Animalia,3 - 5 años,Solitario,Galliformes,Chordata,"Gatos, serpientes, mapaches",Plumas,24 km / h (15 mph),70g - 140g (2.4oz - 4.9oz),Ave,false,true,false
443,"Verde, Azul, Rojo, Blanco, Bronce, Gris, Marrón",Amenazado,Omnívoro,Trogonidae,"Pharomachrus, Euptilotis",Bosques de niebla altos y húmedos,Animalia,20 - 25 años,Crepuscular,Trogoniformes,Chordata,"Ardillas, búhos, halcones",Plumas,"",200g - 225g (7oz - 8oz),Ave,false,true,true
444,"Marrón, Gris, Rojo",Vulnerable,Herbívoro,Macropodidae,Setonix,Vegetación densa cerca del agua,Animalia,5 - 10 años,Nocturno,Diprotodontia,Chordata,"Zorros, gatos, perros",Pelaje,32kph (20 mph),1.5kg - 4.5kg (3.3lbs - 10lbs),Mamífero,false,true,false
445,"Negro, Marrón, Blanco, Gris, Tan",Amenazado,Omnívoro,Dasyuridae,Dasyurus,Bosques y pastizales,Animalia,3-6 años,Solitario,Dasyuromorphia,Chordata,"Humanos, Serpientes, Cocodrilos",Pelaje,24 km / h (15 mph),1.3-7kg (3-15.4lbs),Mamífero,false,true,false
446,"Marrón, Moreno, Gris, Negro, Blanco",Menor preocupación,Herbívoro,Leporidae,Oryctolagus,"Forrajes forestales, prados y bosques",Animalia,4-8 años,Grupo,Lagomorpha,Chordata,"Fox, serpientes, pájaros grandes",Pelaje,"4km / h (2,4 mph)",0.5-3kg (1.1-6.6lbs),Mamífero,false,true,false
447,"Gris, Negro, Blanco, Marrón",Menor preocupación,Omnívoro,Procyonidae,Procyon,Zonas forestales cerca del agua,Animalia,12-16 años,Solitario,Carnivora,Chordata,"Bobcat, zorros, lobos, leones de montaña",Pelaje,24 km / h (15 mph),3.5-9kg (7.7-19.8lbs),Mamífero,false,true,false
448,"Bronceado, Negro, Marrón, Amarillo",Menor preocupación,Carnívoro,Canidae,Nyctereutes,Bosques gruesos cerca del agua,Animalia,3 - 8 años,Paquete,Carnivora,Chordata,"Zorros, lobos, gatos monteses",Pelaje,40km / h (25 mph),3kg - 10kg (6.6lbs - 22lbs),Mamífero,false,true,false
449,"Verde, negro, marrón, moreno, amarillo",En peligro crítico,Herbívoro,Testudinidae,Astrochelys,Bosque tropical seco,Animalia,30 - 80 años,Diurno,Testudos,Chordata,"Pájaros, Reptiles, Humanos",Escamas,0.5kph (0.3mph),2.2kg - 16kg (4.9lbs - 35lbs),Reptil,false,true,false
451,"Gris, Negro, Blanco, Marrón",Menor preocupación,Omnívoro,Muridae,Rattus,Subterráneo cerca de asentamientos humanos,Animalia,2-5 años,Solitario,Rodentia,Chordata,"Búhos, serpientes, mapaches, gatos",Pelaje,13km / h (8 mph),200-900g (0.4-2lbs),Mamífero,false,true,true
453,"Rojo, Marrón, Blanco",En peligro de extinción,Omnívoro,Ailuridae,Ailurus,Bosque de montaña de gran altitud,Animalia,8 - 12 años,Nocturno,Carnivora,Chordata,"Leopardo de la nieve, marta, humano",Pelaje,38kph (24 mph),3kg - 6.2kg (7lbs - 14lbs),Mamífero,false,true,true
454,"Rojo, Gris, Negro, Marrón, Blanco",En peligro crítico,Carnívoro,Canidae,del perro,Pradera costera y marisma,Animalia,10 - 12 años,Paquete,Carnivora,Chordata,"Lobos, Coyotes, Humanos",Pelaje,75km / h (46 mph),18kg - 41kg (40lbs - 90lbs),Mamífero,false,true,true
455,"Negro, Marrón, Moreno, Oro, Rojo",Menor preocupación,Omnívoro,Callitrichidae,Saguinus,Bosque tropical de tierras bajas,Animalia,8 - 15 años,Tropa,Primates,Chordata,"Halcones, serpientes, gatos salvajes",Pelaje,40km / h (24 mph),220g - 900g (7.7oz - 32oz),Mamífero,false,true,false
456,"Marrón, Blanco, Moreno, Gris",Menor preocupación,Herbívoro,Cervidae,Rangifer,Bosques cercanos a la tundra ártica,Animalia,12-15 años,Manada,Artiodactyla,Chordata,"Humanos, Osos, Lobos",Pelaje,80km / h (50 mph),60-320kg (132-705lbs),Mamífero,false,true,false
457,"Marrón, Gris, Negro",En peligro de extinción,Herbívoro,Rhinocerotidae,"","Arbustos tropicales, pastizales y sabanas",Animalia,35-50 años,Solitario,Perissodactyla,Chordata,"Humanos, Gatos salvajes",Cuero,48km / h (30 mph),"800-3,500 kg (1,765-7,716 libras)",Mamífero,false,true,true
458,"Gris, rosa",En peligro de extinción,Carnívoro,Platanistoidea,Platanistidae,Grandes ríos y estuarios tropicales,Animalia,12-18 años,Colegio,Cetacea,Chordata,Humano,Suave,30km / h (18 mph),100-200kg (220-440lbs),Mamífero,false,true,false
459,"Verde, Marrón, Negro, Amarillo",Amenazado,Omnívoro,Emydidae,"","Ríos, arroyos y estanques de movimiento lento",Animalia,10-30 años,Solitario,Testudos,Chordata,"Fox, Perro, Humanos",Cáscara,"4km / h (2,4 mph)",0.5-8kg (1.1-18lbs),Reptil,false,true,true
460,"Marrón, Blanco, Naranja",Amenazado,Omnívoro,Muscicapidae,Erithacus,"Bosques, tierras de cultivo y setos",Animalia,13 años,Solitario,Passeriformes,Chordata,"Gatos, perros, mapaches, zorros",Plumas,29km / h (18 mph),16g - 22g (0.5oz - 0.7oz),Ave,false,true,false
461,"Marrón, Moreno, Gris, Amarillo, Blanco",Menor preocupación,Omnívoro,Procaviidae,Procavia,Sabana seca y selva tropical,Animalia,5 - 12 años,Diurno,Hyracoidea,Chordata,"Leopardos, pájaros grandes, serpientes",Pelaje,30kph (18 mph),3kg - 4kg (6.6lbs - 8.8lbs),Mamífero,false,true,false
462,"Negro, Blanco, Gris",Menor preocupación,Carnívoro,Spheniscidae,Eudyptes,Islas Rocosas Antárticas,Animalia,15 - 20 años,Colonia,Sphenisciformes,Chordata,"Sello del leopardo, orca, tiburones",Plumas,"","2kg - 5kg (4,4 libras - 11 libras)",Ave,false,true,false
463,"Rosa, Blanco, Rojo, Negro",Menor preocupación,Omnívoro,Threskiornithidae,Ajaja,Humedales poco profundos y manglares,Animalia,10 - 15 años,Diurno,Ciconiiformes,Chordata,"Cocodrilos, Coyotes, Humanos",Plumas,"",1.2kg - 1.8kg (2.6lbs - 4lbs),Ave,false,true,false
465,"Negro, blanco, gris, amarillo",Vulnerable,Carnívoro,Spheniscidae,Eudyptes,Islas Rocosas Antárticas,Animalia,15 - 20 años,Colonia,Sphenisciformes,Chordata,"Sello del leopardo, orca, tiburones",Plumas,"",3kg - 6kg (6.6lbs - 13lbs),Ave,false,true,false
467,"Bronceado, Marrón, Amarillo, Negro, Blanco",Extinto,Carnívoro,Felidae,Smilodon,Bosques y pastizales,Animalia,20 - 40 años,Paquete,Carnivora,Chordata,Humanos,Pelaje,"",300kg (661lbs),Mamífero,false,true,false
469,"Marrón, Verde, Negro, Amarillo, Rojo, Blanco",Amenazado,Carnívoro,Salamandroidea,"","Bosque lluvioso, arroyos y humedales",Animalia,5-20 años,Solitario,Caudata,Chordata,"Peces, Serpientes, Pájaros",Escalas Permeables,42km / h (30 mph),0.1-65kg (0.2-143lbs),Anfibio,false,true,false
471,"Marrón, Negro, Rojo",En peligro crítico,Herbívoro,Bovidae,Pseudoryx,Bosque húmedo y denso de hoja perenne,Animalia,8 - 12 años,Diurno,Artiodactyla,Chordata,"Humanos, Tigre, Cocodrilo",Pelaje,40kph (23 mph),80kg - 100kg (176lbs - 220lbs),Mamífero,false,true,true
475,"Marrón, Moreno, Gris",Amenazado,Omnívoro,Otariidae,"",Aguas costeras y litorales rocosos,Animalia,15-22 años,Manada,Carnivora,Chordata,"Humanos, tiburones, orca",Pelaje,44km / h (27 mph),"300-1.000kg (660-2,200lbs)",Mamífero,false,true,false
476,"Negro, Marrón, Moreno",En peligro de extinción,Omnívoro,Mustelidae,Enhidra,Áreas no contaminadas cerca de la costa,Animalia,12-15 años,Solitario,Carnivora,Chordata,"Tiburones, Humanos, Orcas",Pelaje,11km / h (7 mph),14-45kg (30-100lbs),Mamífero,false,true,true
479,"Marrón, Moreno, Verde",En peligro de extinción,Omnívoro,Chelonioidea,"",Las aguas costeras y las playas tropicales,Animalia,60-80 años,Solitario,Testudos,Chordata,"Humanos, tiburones, orca",Escamas,"4km / h (2,4 mph)",158-400kg (350-882lbs),Reptil,false,true,false
482,"Marrón, Moreno, Blanco, Negro",Amenazado,Carnívoro,Pinnipedia,"",Aguas costeras y costas rocosas,Animalia,15-25 años,Manada,Carnivora,Chordata,"Humanos, tiburones, orca",Suave,44km / h (27 mph),"105-3,000kg (230-6,000lbs)",Mamífero,false,true,false
483,"Amarillo, naranja, marrón, negro, blanco",Menor preocupación,Carnívoro,Felidae,Leptailurus,Humedales y praderas cerca del agua,Animalia,10 - 20 años,Crepuscular,Carnivora,Chordata,"Humanos, leopardo, hiena",Pelaje,64kph (40 mph),3.5kg - 19kg (7.7lbs - 41.9lbs),Mamífero,false,true,true
484,"Marrón, Blanco, Amarillo, Negro",Menor preocupación,Herbívoro,Bovidae,Ovis,Planicies de hierba y regiones montañosas,Animalia,5-10 años,Manada,Artiodactyla,Chordata,"Humanos, Lobos, Coyote",Lana,40km / h (25 mph),40-130kg (88-298lbs),Mamífero,false,true,false
491,"Naranja, Negro, Blanco",En peligro de extinción,Carnívoro,Felidae,Panthera,Bosque tropical denso,Animalia,18 - 25 años,Solitario,Carnivora,Chordata,Humano,Pelaje,96km / h (60mph),100kg - 350kg (220lbs - 770lbs),Mamífero,false,true,false
493,"Negro, Blanco, Gris",Menor preocupación,Omnívoro,Mephitidae,Hediondez,Bosque abierto y arbusto denso,Animalia,5-8 años,Solitario,Carnivora,Chordata,"Búhos, Coyote, Gatos salvajes",Pelaje,16km / h (10mph),0.5-6.3kg (1.1-14lbs),Mamífero,false,true,false
494,"Marrón, Moreno, Blanco, Gris",En peligro de extinción,Omnívoro,Bradypodidae,Bradypus,Árboles altos en la selva tropical,Animalia,25-40 años,Solitario,Pilosa,Chordata,"Águilas, serpientes, jaguar",Pelaje,24 km / h (15 mph),4.5-6kg (10-13lbs),Mamífero,true,false,false
495,"Negro, Marrón, Moreno, Amarillo, Gris",Menor preocupación,Carnívoro,Anguidae,Anguis,Pastizales y bosques,Animalia,10 - 30 años,Solitario,Squamata,Chordata,"Gatos, Perros, Pájaros",Escamas,"0,5 km / h (0,3 mph)",20g - 100g (0.7oz - 3.5oz),Reptil,false,true,false
498,"Marrón, Moreno, Negro",Amenazado,Omnívoro,Chelydridae,Chelydra,"Ríos lentos, lagos y pantanos",Animalia,20-32 años,Solitario,Testudos,Chordata,"Humano, mapache, cocodrilo",Escamas,"4km / h (2,4 mph)",16-136kg (35-300lbs),Reptil,false,true,false
500,"Negro, Blanco, Gris",Menor preocupación,Omnívoro,Strigidae,Bubón,Arbolado dentro de la tundra ártica,Animalia,10 - 17 años,Solitario,Strigiformes,Chordata,"Humanos, Zorros, Perros salvajes",Plumas,80km / h (50 mph),1.1kg - 2kg (2.4lbs - 4.4lbs),Ave,false,true,false
502,"Naranja, Negro, Blanco",En peligro de extinción,Carnívoro,Felidae,Panthera,Bosque tropical denso,Animalia,18 - 25 años,Solitario,Carnivora,Chordata,Humano,Pelaje,96km / h (60mph),100kg - 195kg (221lib - 430lbs),Mamífero,false,true,false
503,"Marrón, Moreno, Gris",Menor preocupación,Omnívoro,Pelobatidae,Pelobates,Praderas de las marismas y llanuras inundables abiertas,Animalia,4-8 años,Solitario,Mesobatrachia,Chordata,"Pájaros, peces, serpientes",Escalas Permeables,17km / h (10mph),50-100 g (1.7-3.5oz),Anfibio,true,false,false
504,"Blanco, Negro, Gris, Marrón, Moreno, Azul, Amarillo",Menor preocupación,Omnívoro,Passeridae,"",Campo y bosque,Animalia,4 - 7 años,Rebaño,Passeriformes,Chordata,"Gatos, serpientes, halcones",Plumas,40km / h (25 mph),13.4g - 42g (0.5oz - 1.5oz),Ave,false,true,false
505,"Negro, Blanco, Gris",En peligro de extinción,Omnívoro,Ursidae,Tremarctos,Bosques costeros y desiertos,Animalia,20 - 30 años,Solitario,Carnivora,Chordata,"Humanos, Jaguar, León de montaña",Pelaje,48km / h (30 mph),130kg - 200kg (286lib - 440lbs),Mamífero,false,true,false
506,"Gris, Azul, Negro, Blanco",Vulnerable,Carnívoro,Physeteridae,Physeter,Aguas profundas en la costa,Animalia,50 - 70 años,"",Cetacea,Chordata,"Tiburones, Humanos, Orcas",Suave,"","",Mamífero,false,true,true
507,"Negro, Gris, Marrón, Blanco",Menor preocupación,Omnívoro,Atelidae,Ateles,Selva tropical y selva tropical,Animalia,15-27 años,Tropa,Primates,Chordata,"Humanos, Águilas, Jaguar",Cabello,56km / h (35 mph),6.4-12kg (14-26lbs),Mamífero,false,true,false
511,"Negro, Gris, Marrón, Moreno, Rojo",Amenazado,Omnívoro,Sciuridae,"",Bosques y densos bosques,Animalia,2-8 años,Solitario,Rodentia,Chordata,"Serpientes, Coyote, Comadrejas",Pelaje,25km / h (16 mph),"250-1,000 g (0,5-2,2 libras)",Mamífero,false,true,false
512,"Verde oliva, gris, amarillo, negro",Menor preocupación,Omnívoro,Cebidae,Saimiri,"Densa, selva tropical cerca de un arroyo",Animalia,15 - 20 años,Diurno,Primates,Chordata,"Aves de rapiña, Serpientes, Humanos",Pelaje,35kph (22 mph),0.75kg -1.1k g (1.7lbs - 2.4lbs),Mamífero,false,true,false
513,"Gris, Marrón, Negro",En peligro de extinción,Herbívoro,Elefantidae,Elephas,Selva tropical y bosque tropical,Animalia,55 - 70 años,Manada,Proboscidea,Chordata,"Humano, tigre",Cuero,43km / h (27 mph),"3.000kg - 5.000kg (6,500lbs - 11,000lbs)",Mamífero,false,true,false
517,"Gris, Marrón, Negro",Extinto,Herbívoro,Dugongidae,Hydrodamalis,Tundra artica,Animalia,50 - 80 años,Manada,Sirenia,Chordata,Grandes tiburones y humanos,Suave,"",8000kg (8.8tons),Mamífero,false,true,false
520,"Moreno, Negro, Marrón, Blanco",Menor preocupación,Carnívoro,Mustelidae,Mustela,Moorland y bosques,Animalia,4-6 años,Solitario,Carnivora,Chordata,"Fox, serpiente, gatos salvajes",Pelaje,32km / h (20 mph),200-500g (7-17.6oz),Mamífero,true,false,false
521,"Marrón, Verde, Negro, Moreno",Menor preocupación,Carnívoro,Hylidae,Litoria,Pantanos y estanques de bosques,Animalia,10 - 15 años,Solitario,Anura,Chordata,"Zorros, gatos, pájaros",Permeable,8km / h (5 mph),5g - 8g (0.17oz - 0.28oz),Anfibio,false,true,false
522,"Gris, Marrón, Negro",En peligro crítico,Herbívoro,Elefantidae,Elephas,Selva tropical y bosque tropical,Animalia,55 - 70 años,Manada,Proboscidea,Chordata,"Humano, tigre",Cuero,43km / h (27 mph),"3.000kg - 5.000kg (6,500lbs - 11,000lbs)",Mamífero,true,false,false
523,"Rojo, naranja, gris, marrón",En peligro crítico,Omnívoro,Hominidae,Pongo,Bosque denso y tropical,Animalia,30 - 40 años,Diurno,Primates,Chordata,"Tigre de Sumatra, Humanos",Cabello,6kph (2.7mph),30kg - 82kg (66libras - 180libras),Mamífero,false,true,true
524,"Marrón, Gris, Negro",En peligro crítico,Herbívoro,Rhinocerotidae,Dicerorhinus,"Arbustos tropicales, pastizales y sabanas",Animalia,30-45 años,Solitario,Perissodactyla,Chordata,"Humanos, Gatos salvajes",Cuero,42km / h (30 mph),"500kg - 800kg (1,100lbs - 1.760lbs)",Mamífero,false,true,false
525,"Naranja, Negro, Blanco",En peligro de extinción,Carnívoro,Felidae,Panthera,Bosque tropical denso,Animalia,18 - 25 años,Solitario,Carnivora,Chordata,Humano,Pelaje,96km / h (60mph),80kg - 150kg (176libras - 330lbs),Mamífero,false,true,true
526,"Negro, Marrón, Rojo, Gris, Blanco, Amarillo, Naranja",Vulnerable,Omnívoro,Ursidae,Helarctos,"Principalmente, los bosques tropicales de tierras bajas",Animalia,15 - 30 años,Diurno / Nocturno,Carnivora,Chordata,"Tigre, serpientes, aves rapaces",Pelaje,48kph (30 mph),30kg - 60kg (66libras - 132lbs),Mamífero,false,true,false
527,"Negro, Blanco, Gris, Naranja",Amenazado,Omnívoro,Anatidae,Cygnus,Grandes humedales poco profundos y aguas abiertas,Animalia,8 - 12 años,Rebaño,Anseriformes,Chordata,"Humano, lobo, mapache",Plumas,80km / h (50 mph),10kg - 15kg (22lbs - 33lbs),Ave,true,false,false
529,"Blanco, Negro, Marrón, Gris",En peligro de extinción,Herbívoro,Tapiridae,Tapirus,"Tierras bajas, bosques húmedos",Animalia,20-25 años,Solitario,Perissodactyla,Chordata,"Humanos, gatos salvajes, cocodrilo",Cabello,48km / h (30 mph),150-300kg (330-700lbs),Mamífero,false,true,false
530,"Gris, Marrón, Ocre, Dorado",En peligro de extinción,Carnívoro,Tarsiidae,Tarsius,"Bosques, manglares y matorrales",Animalia,12 - 20 años,Nocturno,Primates,Chordata,"Gatos, serpientes, aves rapaces",Pelaje,40kph (24 mph),80g - 165g (2.8oz - 5.8oz),Mamífero,false,true,false
531,"Negro, Gris, Marrón, Blanco",Amenazado,Omnívoro,Dasyuridae,Sarcófilo,Bosque bajo maleza,Animalia,5-8 años,Solitario,Dasyuromorphia,Chordata,"Serpientes, Humanos, Perros salvajes",Pelaje,24 km / h (15 mph),6-8kg (13-18lbs),Mamífero,false,true,true
532,"Negro, Blanco, Gris, Moreno, Marrón",Amenazado,Omnívoro,Strigidae,Strix,Bosque denso y bosques abiertos,Animalia,4 - 6 años,Solitario,Strigiformes,Chordata,"Halcones, águilas, halcones",Plumas,80km / h (50 mph),350g - 650g (12oz - 23oz),Ave,false,true,false
535,"Rojo, gris, marrón",Menor preocupación,Omnívoro,Agamidae,Moloch,Desierto seco y tierra arbustiva,Animalia,12-20 años,Solitario,Squamata,Chordata,"Serpientes, Humanos, Pájaros",Escamas,60km / h (37mph),70-95g (2.5-3.4oz),Reptil,false,true,false
538,"Naranja, Negro, Blanco",En peligro de extinción,Carnívoro,Felidae,Panthera,Bosque tropical denso,Animalia,18-25 años,Solitario,Carnivora,Chordata,Humano,Pelaje,96km / h (60mph),267-300kg (589-660lbs),Mamífero,false,true,false
539,"Negro, verde, gris, marrón, amarillo",Menor preocupación,Carnívoro,Ambystomatidae,Ambystoma,"Humedales, ríos y arroyos",Animalia,10-15 años,Solitario,Caudata,Chordata,"Mapache, coati, tortugas de río",Permeable,17km / h (10mph),113-227 g (4-8oz),Anfibio,false,true,true
541,"Gris, Marrón, Negro, Amarillo, Verde",En peligro de extinción,Herbívoro,Testudinidae,"",Suelo arenoso cerca del agua,Animalia,30-150 años,Solitario,Testudos,Chordata,"Zorro, tejón, coyote",Escamas,"0,5 km / h (0,3 mph)",0.1-300kg (0.2-661lbs),Reptil,false,true,false
542,"Blanco, Amarillo, Naranja, Negro",Menor preocupación,Omnívoro,Ramphastidae,Ramphastos,Selva tropical de tierras bajas y fronteras de bosques tropicales,Animalia,12 - 20 años,Solitario,Piciformes,Chordata,"Humanos, Comadrejas, Aves Grandes",Plumas,64km / h (39mph),130g - 680g (4.6oz - 24oz),Ave,false,true,false
543,"Negro, verde, gris, marrón, amarillo",Menor preocupación,Carnívoro,Hylidae,"","Bosques, bosques y pantanos",Animalia,2-4 años,Solitario,Anura,Chordata,"Pájaros, Mamíferos, Reptiles",Permeable,17km / h (10mph),2-17g (0.07-0.6oz),Anfibio,false,true,true
544,"Negro, Blanco, Marrón, Amarillo",Menor preocupación,Carnívoro,Phaethontidae,Phaethon,Islas tropicales y acantilados,Animalia,10 - 16 años,Rebaño,Faetóntiformes,Chordata,"Perros, gatos, Stouts",Plumas,48km / h (30 mph),0.3kg - 0.7kg (0.6lbs - 1.5lbs),Ave,false,true,true
545,"Verde, Marrón, Gris",Amenazado,Carnívoro,Sphenodontidae,Sphenodon,Bosques y pastizales,Animalia,50-100 años,Solitario,Sphenodontia,Chordata,"Cerdos, gatos, roedores",Escamas,24 km / h (15 mph),"600-900 g (1,3-1,9 libras)",Reptil,true,false,false
546,"Negro, Blanco, Marrón, Amarillo, Verde, Azul, Rojo",Menor preocupación,Omnívoro,Phasianidae,Meleagris,"Bosque, matorrales y llanuras de hierba",Animalia,1-10 años,Rebaño,Galliformes,Chordata,"Zorro, serpiente, mapache",Plumas,10km / h (6 mph),3-11kg (6.6-24lbs),Ave,false,true,false
548,"Rojo, Marrón, Blanco, Negro",Vulnerable,Omnívoro,Pitheciidae,Cacajao,Parte inundada de la selva tropical,Animalia,16 - 22 años,Diurno,Primates,Chordata,"Halcones, Serpientes, Humanos",Pelaje,"",3kg - 3.5kg (6.5lbs - 7.75lbs),Mamífero,false,true,false
549,"Oliva, Marrón, Verde",Menor preocupación,Omnívoro,Cettiidae,Cettia,Tierras bajas y bosques de montaña,Animalia,25 años,Diurno,Passeriformes,Chordata,"Gatos, serpientes, pájaros de presa",Plumas,29kph (18 mph),15g - 22g (0.5oz - 0.7oz),Ave,false,true,false
550,Negro,Vulnerable,Omnívoro,Cotingidae,Cephalopterus,Bosque lluvioso de baja y alta altitud,Animalia,12 - 20 años,Diurno,Passeriformes,Chordata,"Monos, serpientes, halcones",Plumas,"",320g - 570g (11.3oz - 20oz),Ave,false,true,true
551,"Marrón, Gris, Negro",Menor preocupación,Carnívoro,Phyllostomidae,"",Regiones tropicales y subtropicales,Animalia,8 - 12 años,Nocturno,Chiroptera,Chordata,Águilas Halcones humanos,Pelaje,40km / h (25 mph),19g - 57g (0.7oz - 2oz),Mamífero,true,false,false
552,"Aceituna, Gris, Marrón, Negro, Plata",Menor preocupación,Omnívoro,Cercopithecidae,Chlorocebus,Bosques de acacia ribereños,Animalia,12 - 24 años,Diurno,Primates,Chordata,"Leopardo, Serval, Cocodrilo",Pelaje,45kph (30 mph),3.5kg - 5kg (7lbs - 10lbs),Mamífero,false,true,false
553,"Negro, Blanco, Gris, Moreno, Marrón",En peligro de extinción,Carnívoro,Accipitridae,Aegypiinae,"Desiertos, sabanas y pastizales cerca del agua",Animalia,20 - 30 años,Solitario,Accipitriformes,Chordata,"Halcones, Serpientes, Gatos salvajes",Plumas,48km / h (30 mph),0.85kg - 2.2kg (1.9lbs - 5lbs),Ave,false,true,false
554,"Gris, Marrón, Blanco, Moreno, Rojo",Menor preocupación,Herbívoro,Macropodidae,Macropus,Bosque y matorral,Animalia,12-15 años,Manada,Diprotodontia,Chordata,"Dingo, Fox, Reptiles grandes",Pelaje,48km / h (30 mph),1-20kg (2.2-44lbs),Mamífero,false,true,false
555,Gris marrón,Casi amenazado,Carnívoro,Odobenidae,Odobenus,Témpanos de hielo y costas rocosas y remotas,Animalia,40 - 50 años,Diurno,Carnivora,Chordata,"Humanos, Orcas, Osos Polares",Cabello,35kph (22 mph),"400kg - 1,700kg (880lbs - 3,740lbs)",Mamífero,false,true,true
556,"Marrón, Moreno, Gris",Menor preocupación,Omnívoro,Suidae,Phacochoerus,Sabanas áridas y llanuras de césped,Animalia,12-18 años,Grupo,Artiodactyla,Chordata,"León, hiena, cocodrilo",Cabello,48km / h (30 mph),50-150 kg (110-330 libras),Mamífero,false,true,false
558,"Marrón, Moreno, Gris",En peligro de extinción,Herbívoro,Bovidae,Bubalus,Pantano y pantano,Animalia,15-25 años,Manada,Artiodactyla,Chordata,"Humanos, Gatos salvajes, Cocodrilo",Cuero,48km / h (30 mph),"400-900kg (880-2,000lbs)",Mamífero,false,true,false
559,"Negro, Marrón, Moreno, Amarillo, Verde",Amenazado,Omnívoro,Agamidae,Physignathus,"Rías, ríos y lagos",Animalia,10-20 años,Solitario,Squamata,Chordata,"Serpientes, Pájaros, Mamíferos",Escamas,48km / h (30 mph),0.5-1kg (1.1-2.2lbs),Reptil,false,true,false
560,"Marrón, Negro, Gris",Menor preocupación,Herbívoro,Cricetidae,Arvicola,Bancos de agua lenta,Animalia,0.5 - 2 años,Diurno,Rodentia,Chordata,"Comadrejas. Búhos, Pike",Pelaje,"",160g - 350g (5.6oz - 12.3oz),Mamífero,false,true,false
561,"Oscuro y marrón claro, moreno, blanco, negro",Menor preocupación,Carnívoro,Mustelidae,Mustela,Bosques y bosques abiertos,Animalia,13 años,Diurno / Nocturno,Carnivora,Chordata,"Halcones, zorros, serpientes",Pelaje,25kph (15 mph),120g-198g (4.2oz - 7oz),Mamífero,false,true,false
564,Gris oscuro,En peligro crítico,Herbívoro,Hominidae,Gorila,Bosque lluvioso y selva densa,Animalia,35 - 50 años,Tropa,Primates,Chordata,"Humano, leopardo, cocodrilo",Cabello,40km / h (25 mph),100kg - 200kg (220lbs - 440lbs),Mamífero,false,true,false
565,Gris oscuro,En peligro crítico,Herbívoro,Hominidae,Gorila,Bosque lluvioso y selva densa,Animalia,35 - 50 años,Tropa,Primates,Chordata,"Humano, leopardo, cocodrilo",Cabello,40km / h (25 mph),100kg - 200kg (220lbs - 440lbs),Mamífero,true,false,false
568,"Negro, Blanco, Gris",Menor preocupación,Omnívoro,Cebidae,Cebus,Los altos bosques tropicales y las zonas húmedas de las tierras bajas,Animalia,16-40 años,Tropa,Primates,Chordata,"Humanos, Serpientes, Águilas",Cabello,56km / h (35 mph),2.9-3.9kg (6.4-8.6lbs),Mamífero,false,true,true
569,"Marrón, Gris, Negro",En peligro de extinción,Herbívoro,Rhinocerotidae,Ceratotherium,"Arbustos tropicales, pastizales y sabanas",Animalia,45-50 años,Solitario,Perissodactyla,Chordata,"Humanos, Gatos salvajes",Cuero,42km / h (30 mph),"1,440-3,600kg (3,168-7,920lbs)",Mamífero,false,true,false
570,"Blanco, Negro, Marrón, Naranja",En peligro de extinción,Carnívoro,Felidae,Panthera,Densa selva y manglar,Animalia,10 - 20 años,Diurno,Carnivora,Chordata,Humano,Pelaje,96kph (60mph),140kg - 300kg (309libras - 660lbs),Mamífero,false,true,false
571,"Marrón, Rojo, Negro, Gris",Menor preocupación,Omnívoro,Suidae,Sus,Bosques caducifolios de hoja ancha,Animalia,15 - 20 años,Nocturno,Artiodactyla,Chordata,"Tigre, lobos, seres humanos",Pelaje,48kph (30 mph),80kg - 175kg (176libras - 386libras),Mamífero,false,true,false
572,"Negro, Marrón, Moreno",En peligro de extinción,Herbívoro,Bovidae,Connochaetes,Hierba de llanuras y matorrales cubiertos de sabana,Animalia,15-20 años,Manada,Artiodactyla,Chordata,"León, guepardo, cocodrilo",Cabello,61km / h (38mph),120-250kg (265-550lbs),Mamífero,false,true,true
573,"Negro, Marrón, Gris, Blanco",Amenazado,Carnívoro,Canidae,del perro,Hierba de llanuras y bosques,Animalia,10-12 años,Paquete,Carnivora,Chordata,Humano,Pelaje,75km / h (46 mph),25-40kg (55-88lbs),Mamífero,false,true,false
574,"Sandy, Blanco, Negro, Marrón",Amenazado,Carnívoro,Mustelidae,Gulo,Regiones montañosas y bosques densos,Animalia,10-15 años,Solitario,Carnivora,Chordata,"Humanos, lobos, osos",Pelaje,48km / h (30 mph),10-31kg (22-70lbs),Mamífero,false,true,false
575,"Marrón, Moreno, Gris",En peligro de extinción,Herbívoro,Vombatidae,Vombatus,Arbolado y arboleda costera,Animalia,20-26 años,Solitario,Diprotodontia,Chordata,"Dingo, Fox, Perros salvajes",Pelaje,40km / h (25 mph),20-35kg (44-77lbs),Mamífero,false,true,false
577,"Negro, Blanco, Gris, Moreno, Marrón, Rojo, Verde",Menor preocupación,Omnívoro,Picidos,"",Densos bosques y bosques,Animalia,6-11 años,Solitario,Piciformes,Chordata,"Rata, serpientes, gatos salvajes",Plumas,24 km / h (15 mph),7-600g (0.2-21oz),Ave,false,true,false
578,"Marrón, Negro, Moreno",Extinto,Herbívoro,Elefantidae,Mammuthus,Tundra artica,Animalia,60 - 80 años,Manada,Proboscidea,Chordata,Gatos con dientes de sable y humanos,Cabello,"",8000kg (8.8tons),Mamífero,false,true,false
579,"Negro, Marrón, Gris",Amenazado,Omnívoro,Atelidae,Lagothrix,Bosques tropicales húmedos y maduros,Animalia,7-10 años,Tropa,Primates,Chordata,"Humanos, gatos monteses, aves de rapiña",Pelaje,56km / h (35 mph),5-8kg (11-18lbs),Mamífero,false,true,false
582,"Marrón, Negro, Blanco",Amenazado,Herbívoro,Bovidae,Bos,Prados alpinos y colinas abiertas,Animalia,15-20 años,Manada,Artiodactyla,Chordata,"Humanos, Osos, Lobos",Cabello,40km / h (25 mph),"300-1,000 kg (661-2,200 libras)",Mamífero,false,true,false
583,"Negro, Blanco, Gris, Marrón, Amarillo",En peligro de extinción,Carnívoro,Spheniscidae,Megadiptos,Islas Rocosas Antárticas,Animalia,10 - 20 años,Colonia,Sphenisciformes,Chordata,"Sello del leopardo, orca, tiburones",Plumas,"",5kg - 8kg (11lbs - 18lbs),Ave,false,true,false
585,"Negro, Blanco, Marrón",En peligro de extinción,Herbívoro,Equidos,Equus,Praderas y llanuras abiertas,Animalia,20 - 30 años,Diurno,Perissodactyla,Chordata,"Leones, leopardos, hienas",Cabello,40kph (25 mph),220kg - 405kg (485libras - 893lbs),Mamífero,false,true,false
587,"Marrón, Negro, Blanco",Menor preocupación,Herbívoro,Bovidae,Bos,Selvas tropicales y llanuras abiertas,Animalia,12-16 años,Manada,Artiodactyla,Chordata,"Humanos, osos, gatos monteses",Cuero,40km / h (25 mph),150-200kg (331-440lbs),Mamífero,false,true,false
588,"Marrón, Moreno, Gris",No enlistado,Herbívoro,Equidos,Equus,Sabana y bosque abierto,Animalia,15 - 25 años,Diurno,Perissodactyla,Chordata,"León, hiena, leopardo",Pelaje,54kph (35 mph),227kg - 318kg (500lb - 700lbs),Mamífero,false,true,false
589,"Moreno, Marrón, Negro, Rojo, Blanco, Gris",No enlistado,Herbívoro,Equidos,Equus,Prados y bosques abiertos,Animalia,15 - 30 años,Diurno,Perissodactyla,Chordata,"Leones, Leopardos, Lobos",Pelaje,64kph (40 mph),227kg - 450kg (500lbs - 992lbs),Mamífero,false,true,false
